Length, LastChild,  Children,  LastChildTD,  ChildrenTD,  Distance1BU,  Distance1,  Distance3BU,  Distance3,  Distance5BU,  Distance5,  LCllavg,  LClhavg,  LChlavg,  LChhavg,  LCllmax,  LClhmax,  LChlmax,  LChhmax
19285, 1097, 1104, 1645, 1589, 1100, 1664, 1133, 1662, 1158, 1565, 1128, 1133, 1128, 1140, 1126, 1115, 1126, 1107
33855, 1310, 1319, 2280, 2375, 1319, 2441, 1292, 2087, 1290, 2178, 1342, 1371, 1288, 1307, 1353, 1376, 1352, 1278
7234, 439, 618, 582, 574, 631, 614, 625, 734, 623, 712, 445, 443, 431, 538, 443, 425, 435, 424
9734, 797, 802, 1220, 1111, 836, 1313, 830, 1137, 834, 1036, 805, 803, 790, 788, 794, 801, 780, 789
44099, 1734, 1726, 2793, 2823, 1732, 2922, 1723, 2919, 1786, 2581, 1732, 1783, 1733, 1737, 1714, 1774, 1714, 1703
52129, 1809, 1827, 2501, 2716, 1821, 2686, 1810, 2686, 1802, 2686, 1834, 1837, 1834, 1842, 1833, 1822, 1833, 1816
1649, 180, 210, 225, 226, 223, 215, 220, 236, 218, 278, 169, 193, 169, 199, 171, 207, 171, 166
46705, 1315, 1304, 2229, 2160, 1303, 2168, 1285, 2273, 1285, 2181, 1315, 1273, 1316, 1311, 1312, 1345, 1313, 1300
11240, 766, 779, 788, 865, 779, 813, 777, 1058, 775, 1096, 766, 759, 765, 755, 766, 757, 765, 756
38939, 1336, 1398, 2780, 2673, 1391, 2669, 1354, 2718, 1353, 2776, 1370, 1360, 1286, 1384, 1387, 1400, 1394, 1291
4193, 394, 437, 441, 505, 437, 448, 441, 615, 450, 636, 378, 380, 375, 392, 390, 378, 390, 413
11153, 720, 719, 1133, 1073, 719, 1115, 727, 1046, 726, 1090, 716, 716, 717, 725, 717, 715, 716, 711
38665, 1471, 1489, 2430, 2378, 1489, 2320, 1465, 2349, 1462, 2493, 1472, 1426, 1472, 1465, 1475, 1425, 1475, 1463
4048, 351, 368, 426, 456, 363, 440, 364, 537, 360, 538, 367, 353, 369, 350, 362, 350, 364, 355
3240, 347, 398, 410, 411, 398, 419, 393, 511, 391, 510, 361, 360, 362, 349, 363, 358, 366, 329
11073, 876, 887, 1237, 1263, 887, 1283, 863, 1239, 866, 1239, 890, 879, 890, 850, 881, 849, 880, 891
2299, 278, 344, 322, 349, 331, 310, 330, 391, 330, 394, 257, 257, 282, 282, 286, 282, 283, 257
16966, 866, 865, 1381, 1316, 865, 1369, 863, 1245, 863, 1256, 874, 861, 873, 856, 873, 864, 873, 861
11903, 811, 821, 1145, 1132, 821, 1133, 825, 1091, 828, 1108, 815, 819, 815, 802, 815, 816, 815, 820
2177, 247, 270, 265, 303, 270, 251, 271, 411, 296, 450, 240, 240, 235, 269, 247, 230, 248, 248
2282, 220, 254, 243, 255, 262, 247, 261, 336, 258, 353, 229, 225, 235, 235, 232, 225, 236, 231
59060, 1828, 1761, 2626, 2588, 1761, 2524, 1757, 2614, 1731, 2559, 1764, 1755, 1764, 1725, 1814, 1800, 1814, 1731
16219, 1062, 1010, 1465, 1381, 1023, 1432, 1072, 1410, 1069, 1462, 1048, 1056, 992, 1028, 1014, 1056, 995, 1056
6251, 533, 535, 547, 564, 534, 567, 535, 668, 533, 675, 532, 532, 538, 539, 533, 541, 538, 532
3783, 362, 384, 376, 393, 384, 353, 379, 496, 375, 500, 365, 364, 365, 321, 365, 363, 365, 365
4177, 404, 419, 417, 427, 419, 421, 420, 547, 418, 593, 402, 406, 402, 406, 403, 405, 404, 404
6461, 581, 589, 606, 698, 633, 622, 625, 875, 588, 866, 537, 538, 537, 605, 537, 549, 537, 589
25068, 1090, 1093, 1617, 1603, 1089, 1627, 1088, 1502, 1089, 1545, 1094, 1094, 1095, 1091, 1091, 1092, 1091, 1091
11452, 698, 721, 735, 757, 730, 760, 711, 917, 721, 912, 724, 712, 724, 714, 703, 719, 703, 687
30788, 1124, 1132, 1736, 1776, 1136, 1747, 1140, 1710, 1131, 1751, 1112, 1110, 1114, 1127, 1110, 1110, 1112, 1107
7141, 683, 693, 682, 815, 693, 686, 704, 950, 672, 966, 675, 680, 676, 702, 679, 675, 680, 681
17042, 988, 1004, 1053, 1046, 992, 1098, 941, 1382, 940, 1393, 981, 981, 976, 948, 981, 981, 975, 982
1876, 220, 222, 214, 234, 221, 210, 221, 306, 219, 348, 219, 218, 213, 221, 220, 218, 220, 214
5451, 491, 500, 560, 570, 500, 556, 496, 668, 484, 677, 496, 496, 494, 498, 494, 488, 494, 487
3076, 297, 299, 307, 334, 299, 300, 300, 391, 301, 398, 297, 297, 297, 299, 298, 295, 297, 321
28609, 1213, 1216, 1729, 1699, 1216, 1732, 1202, 1688, 1196, 1732, 1212, 1213, 1212, 1214, 1209, 1191, 1209, 1196
15114, 888, 901, 1380, 1394, 900, 1352, 907, 1382, 902, 1386, 890, 894, 894, 890, 901, 890, 904, 890
47747, 1645, 1672, 2524, 2436, 1674, 2466, 1670, 2541, 1670, 2545, 1618, 1654, 1622, 1645, 1631, 1613, 1633, 1687
9742, 806, 779, 928, 927, 779, 925, 776, 1070, 770, 1091, 766, 811, 766, 783, 766, 810, 766, 806
4323, 423, 428, 455, 467, 444, 435, 443, 602, 441, 624, 391, 391, 395, 422, 400, 399, 406, 415
9919, 651, 651, 939, 915, 651, 925, 652, 898, 646, 900, 642, 641, 642, 649, 642, 641, 642, 636
4035, 370, 388, 449, 462, 385, 431, 407, 522, 404, 568, 381, 381, 380, 355, 358, 356, 356, 358
6509, 533, 547, 831, 604, 547, 573, 546, 721, 545, 778, 529, 529, 527, 543, 529, 531, 528, 527
40975, 1528, 1520, 2167, 2115, 1512, 2116, 1519, 2141, 1529, 2152, 1518, 1513, 1545, 1531, 1531, 1509, 1536, 1506
5707, 567, 596, 669, 684, 595, 655, 615, 824, 607, 837, 604, 607, 604, 579, 604, 591, 604, 571
1264, 134, 159, 152, 160, 161, 149, 160, 192, 160, 210, 134, 132, 134, 143, 134, 132, 134, 138
3563, 371, 379, 368, 432, 381, 382, 384, 547, 382, 561, 366, 358, 359, 355, 369, 361, 369, 373
8730, 445, 457, 434, 551, 457, 449, 452, 449, 452, 449, 446, 444, 446, 446, 446, 386, 446, 387
1079, 53, 66, 50, 58, 66, 58, 58, 58, 57, 58, 52, 58, 52, 58, 52, 43, 52, 43
1453, 69, 77, 75, 84, 77, 81, 70, 81, 70, 81, 69, 69, 69, 75, 81, 78, 81, 58
2280, 46, 56, 45, 50, 56, 48, 56, 48, 57, 48, 49, 49, 48, 48, 48, 44, 48, 44
6761, 312, 328, 315, 381, 328, 316, 320, 314, 316, 314, 305, 246, 314, 365, 305, 305, 305, 305
651, 20, 26, 21, 24, 26, 23, 26, 23, 26, 23, 24, 24, 23, 23, 24, 22, 24, 22
21656, 1148, 1159, 1276, 1380, 1162, 1625, 1157, 1648, 1160, 1649, 1154, 1187, 1151, 1168, 1148, 1176, 1148, 1130
19326, 381, 438, 396, 497, 438, 415, 424, 415, 418, 415, 348, 348, 348, 416, 394, 394, 394, 394
962, 55, 58, 47, 64, 58, 57, 58, 57, 58, 57, 57, 51, 57, 57, 55, 54, 55, 56
945, 15, 15, 12, 19, 15, 16, 15, 16, 15, 16, 16, 16, 16, 16, 16, 17, 16, 17
4371, 170, 175, 149, 201, 175, 161, 175, 165, 175, 165, 170, 170, 170, 169, 170, 165, 170, 169
13084, 775, 807, 993, 1008, 798, 1120, 790, 1124, 790, 1127, 765, 764, 765, 773, 767, 765, 767, 765
1803, 126, 131, 132, 140, 131, 132, 133, 190, 134, 256, 129, 128, 129, 131, 127, 127, 126, 130
2334, 153, 160, 159, 168, 160, 159, 158, 241, 158, 324, 155, 153, 155, 157, 153, 152, 153, 152
1335, 102, 107, 108, 117, 107, 108, 107, 145, 107, 196, 102, 102, 102, 102, 100, 102, 102, 103
1870, 114, 117, 132, 140, 117, 136, 124, 175, 123, 175, 117, 115, 129, 125, 113, 110, 113, 124
7143, 229, 247, 618, 624, 247, 609, 247, 485, 246, 485, 228, 235, 228, 251, 228, 230, 228, 230
13105, 267, 260, 917, 595, 199, 909, 197, 587, 191, 587, 259, 255, 183, 262, 258, 272, 181, 276
15586, 324, 358, 1119, 762, 358, 1119, 375, 776, 376, 776, 333, 334, 369, 370, 349, 362, 349, 383
14037, 327, 337, 741, 801, 308, 698, 308, 1118, 308, 1118, 311, 310, 313, 330, 300, 301, 302, 313
9001, 142, 142, 252, 356, 148, 272, 140, 432, 141, 432, 142, 149, 142, 146, 145, 164, 145, 168
38, 6, 9, 9, 9, 9, 9, 9, 9, 9, 9, 6, 6, 6, 8, 6, 6, 6, 6
38, 6, 8, 9, 9, 8, 9, 8, 9, 9, 9, 6, 6, 6, 8, 6, 6, 6, 6
38, 6, 7, 9, 9, 7, 9, 6, 9, 8, 9, 6, 6, 6, 8, 6, 6, 6, 6
38, 6, 8, 9, 10, 8, 9, 8, 9, 8, 9, 6, 6, 6, 8, 6, 6, 6, 6
38, 6, 9, 9, 10, 9, 9, 9, 9, 9, 9, 6, 6, 6, 8, 6, 6, 6, 6
38, 6, 8, 9, 9, 8, 9, 8, 9, 9, 9, 6, 6, 6, 8, 6, 6, 6, 6
38, 6, 7, 9, 10, 7, 9, 7, 9, 9, 9, 6, 6, 6, 8, 6, 6, 6, 6
38, 6, 9, 9, 9, 9, 9, 9, 9, 10, 9, 6, 6, 6, 8, 6, 6, 6, 6
38, 6, 8, 9, 9, 8, 9, 8, 9, 9, 9, 6, 6, 6, 8, 6, 6, 6, 6
38, 6, 6, 9, 10, 6, 9, 6, 9, 8, 9, 6, 6, 6, 8, 6, 6, 6, 6
38, 6, 10, 9, 10, 10, 9, 10, 9, 10, 9, 6, 6, 6, 8, 6, 6, 6, 6
38, 6, 9, 9, 9, 9, 9, 9, 9, 9, 9, 6, 6, 6, 8, 6, 6, 6, 6
38, 6, 9, 9, 10, 9, 9, 8, 9, 8, 9, 6, 6, 6, 8, 6, 6, 6, 6
38, 6, 8, 9, 9, 8, 9, 8, 9, 8, 9, 6, 6, 6, 8, 6, 6, 6, 6
38, 6, 8, 9, 9, 8, 9, 8, 9, 9, 9, 6, 6, 6, 8, 6, 6, 6, 6
38, 6, 8, 9, 10, 8, 9, 8, 9, 9, 9, 6, 6, 6, 8, 6, 6, 6, 6
38, 6, 8, 9, 9, 8, 9, 8, 9, 8, 9, 6, 6, 6, 8, 6, 6, 6, 6
1867, 94, 96, 118, 131, 99, 118, 96, 172, 95, 172, 94, 94, 94, 95, 95, 95, 95, 95
1602, 117, 125, 133, 145, 125, 136, 120, 155, 121, 155, 107, 106, 106, 116, 107, 106, 107, 103
2586, 162, 153, 184, 192, 182, 186, 164, 212, 163, 212, 156, 157, 150, 171, 156, 157, 150, 163
1820, 93, 94, 117, 130, 99, 117, 99, 164, 100, 164, 93, 94, 93, 93, 94, 94, 94, 94
9693, 189, 189, 547, 521, 189, 554, 189, 436, 189, 436, 189, 189, 189, 188, 189, 190, 189, 190
2403, 107, 109, 131, 151, 109, 133, 109, 152, 109, 152, 111, 111, 111, 112, 111, 111, 111, 111
321, 3, 93, 3, 4, 93, 160, 159, 160, 159, 160, 3, 3, 3, 3, 3, 3, 3, 3
321, 3, 80, 3, 4, 80, 160, 160, 160, 160, 160, 3, 3, 3, 3, 3, 3, 3, 3
305, 3, 70, 3, 4, 70, 152, 152, 152, 152, 152, 3, 3, 3, 3, 3, 3, 3, 3
281, 3, 72, 3, 4, 72, 140, 140, 140, 140, 140, 3, 3, 3, 3, 3, 3, 3, 3
281, 3, 71, 3, 4, 71, 140, 140, 140, 140, 140, 3, 3, 3, 3, 3, 3, 3, 3
281, 3, 62, 3, 4, 62, 140, 139, 140, 139, 140, 3, 3, 3, 3, 3, 3, 3, 3
295, 3, 75, 3, 4, 75, 147, 147, 147, 147, 147, 3, 3, 3, 3, 3, 3, 3, 3
329, 3, 84, 3, 4, 84, 164, 164, 164, 164, 164, 3, 3, 3, 3, 3, 3, 3, 3
321, 3, 87, 3, 4, 87, 160, 160, 160, 160, 160, 3, 3, 3, 3, 3, 3, 3, 3
305, 3, 79, 3, 4, 79, 152, 152, 152, 152, 152, 3, 3, 3, 3, 3, 3, 3, 3
345, 3, 90, 3, 4, 90, 172, 172, 172, 172, 172, 3, 3, 3, 3, 3, 3, 3, 3
295, 3, 67, 3, 4, 67, 147, 147, 147, 147, 147, 3, 3, 3, 3, 3, 3, 3, 3
281, 3, 65, 3, 4, 65, 140, 140, 140, 140, 140, 3, 3, 3, 3, 3, 3, 3, 3
305, 3, 80, 3, 4, 80, 152, 152, 152, 152, 152, 3, 3, 3, 3, 3, 3, 3, 3
321, 3, 87, 3, 4, 87, 160, 160, 160, 160, 160, 3, 3, 3, 3, 3, 3, 3, 3
321, 3, 87, 3, 4, 87, 160, 157, 160, 157, 160, 3, 3, 3, 3, 3, 3, 3, 3
329, 3, 89, 3, 4, 89, 164, 163, 164, 163, 164, 3, 3, 3, 3, 3, 3, 3, 3
329, 3, 90, 3, 4, 90, 164, 164, 164, 164, 164, 3, 3, 3, 3, 3, 3, 3, 3
295, 3, 79, 3, 4, 79, 147, 147, 147, 147, 147, 3, 3, 3, 3, 3, 3, 3, 3
367, 3, 105, 3, 4, 105, 183, 179, 183, 179, 183, 3, 3, 3, 3, 3, 3, 3, 3
305, 3, 77, 3, 4, 77, 152, 152, 152, 152, 152, 3, 3, 3, 3, 3, 3, 3, 3
321, 3, 82, 3, 4, 82, 160, 158, 160, 158, 160, 3, 3, 3, 3, 3, 3, 3, 3
321, 3, 77, 3, 4, 77, 160, 160, 160, 160, 160, 3, 3, 3, 3, 3, 3, 3, 3
321, 3, 74, 3, 4, 74, 160, 160, 160, 160, 160, 3, 3, 3, 3, 3, 3, 3, 3
305, 3, 72, 3, 4, 72, 152, 151, 152, 151, 152, 3, 3, 3, 3, 3, 3, 3, 3
329, 3, 77, 3, 4, 77, 164, 164, 164, 164, 164, 3, 3, 3, 3, 3, 3, 3, 3
305, 3, 79, 3, 4, 79, 152, 152, 152, 152, 152, 3, 3, 3, 3, 3, 3, 3, 3
255, 3, 66, 3, 4, 66, 127, 127, 127, 127, 127, 3, 3, 3, 3, 3, 3, 3, 3
255, 3, 70, 3, 4, 70, 127, 127, 127, 127, 127, 3, 3, 3, 3, 3, 3, 3, 3
305, 3, 73, 3, 4, 73, 152, 152, 152, 152, 152, 3, 3, 3, 3, 3, 3, 3, 3
321, 3, 90, 3, 4, 90, 160, 160, 160, 160, 160, 3, 3, 3, 3, 3, 3, 3, 3
305, 3, 74, 3, 4, 74, 152, 152, 152, 152, 152, 3, 3, 3, 3, 3, 3, 3, 3
295, 3, 81, 3, 4, 81, 147, 147, 147, 147, 147, 3, 3, 3, 3, 3, 3, 3, 3
305, 3, 70, 3, 4, 70, 152, 148, 152, 148, 152, 3, 3, 3, 3, 3, 3, 3, 3
329, 3, 80, 3, 4, 80, 164, 164, 164, 164, 164, 3, 3, 3, 3, 3, 3, 3, 3
367, 3, 94, 3, 4, 94, 183, 181, 183, 181, 183, 3, 3, 3, 3, 3, 3, 3, 3
281, 3, 66, 3, 4, 66, 140, 137, 140, 137, 140, 3, 3, 3, 3, 3, 3, 3, 3
617, 3, 140, 4, 4, 140, 305, 303, 308, 303, 308, 3, 3, 3, 3, 3, 3, 3, 3
617, 3, 156, 4, 4, 156, 305, 305, 308, 305, 308, 3, 3, 3, 3, 3, 3, 3, 3
645, 3, 177, 4, 4, 177, 319, 321, 322, 321, 322, 3, 3, 3, 3, 3, 3, 3, 3
617, 3, 164, 4, 4, 164, 305, 308, 308, 308, 308, 3, 3, 3, 3, 3, 3, 3, 3
645, 3, 165, 4, 4, 165, 319, 316, 322, 316, 322, 3, 3, 3, 3, 3, 3, 3, 3
617, 3, 151, 4, 4, 151, 305, 306, 308, 306, 308, 3, 3, 3, 3, 3, 3, 3, 3
555, 3, 151, 3, 4, 151, 277, 277, 277, 277, 277, 3, 3, 3, 3, 3, 3, 3, 3
645, 3, 168, 4, 4, 168, 319, 320, 322, 320, 322, 3, 3, 3, 3, 3, 3, 3, 3
617, 3, 164, 4, 4, 164, 305, 306, 308, 306, 308, 3, 3, 3, 3, 3, 3, 3, 3
645, 3, 153, 4, 4, 153, 319, 321, 322, 321, 322, 3, 3, 3, 3, 3, 3, 3, 3
617, 3, 163, 4, 4, 163, 305, 306, 308, 306, 308, 3, 3, 3, 3, 3, 3, 3, 3
645, 3, 159, 4, 4, 159, 319, 320, 322, 320, 322, 3, 3, 3, 3, 3, 3, 3, 3
617, 3, 163, 4, 4, 163, 305, 307, 308, 307, 308, 3, 3, 3, 3, 3, 3, 3, 3
617, 3, 167, 4, 4, 167, 305, 306, 308, 306, 308, 3, 3, 3, 3, 3, 3, 3, 3
607, 3, 145, 3, 4, 145, 303, 303, 303, 303, 303, 3, 3, 3, 3, 3, 3, 3, 3
645, 3, 156, 4, 4, 156, 319, 321, 322, 321, 322, 3, 3, 3, 3, 3, 3, 3, 3
617, 3, 159, 4, 4, 159, 305, 306, 308, 306, 308, 3, 3, 3, 3, 3, 3, 3, 3
645, 3, 173, 4, 4, 173, 319, 319, 322, 319, 322, 3, 3, 3, 3, 3, 3, 3, 3
617, 3, 157, 4, 4, 157, 305, 305, 308, 305, 308, 3, 3, 3, 3, 3, 3, 3, 3
581, 3, 141, 3, 4, 141, 290, 287, 290, 287, 290, 3, 3, 3, 3, 3, 3, 3, 3
645, 3, 154, 4, 4, 154, 319, 317, 322, 317, 322, 3, 3, 3, 3, 3, 3, 3, 3
617, 3, 151, 4, 4, 151, 305, 306, 308, 306, 308, 3, 3, 3, 3, 3, 3, 3, 3
617, 3, 166, 4, 4, 166, 305, 306, 308, 306, 308, 3, 3, 3, 3, 3, 3, 3, 3
617, 3, 162, 4, 4, 162, 305, 299, 308, 299, 308, 3, 3, 3, 3, 3, 3, 3, 3
645, 3, 150, 4, 4, 150, 319, 321, 322, 321, 322, 3, 3, 3, 3, 3, 3, 3, 3
617, 3, 166, 4, 4, 166, 305, 307, 308, 307, 308, 3, 3, 3, 3, 3, 3, 3, 3
617, 3, 140, 4, 4, 140, 305, 305, 308, 305, 308, 3, 3, 3, 3, 3, 3, 3, 3
645, 3, 162, 4, 4, 162, 319, 320, 322, 320, 322, 3, 3, 3, 3, 3, 3, 3, 3
617, 3, 153, 4, 4, 153, 305, 303, 308, 303, 308, 3, 3, 3, 3, 3, 3, 3, 3
617, 3, 147, 4, 4, 147, 305, 306, 308, 306, 308, 3, 3, 3, 3, 3, 3, 3, 3
645, 3, 158, 4, 4, 158, 319, 320, 322, 320, 322, 3, 3, 3, 3, 3, 3, 3, 3
617, 3, 158, 4, 4, 158, 305, 306, 308, 306, 308, 3, 3, 3, 3, 3, 3, 3, 3
617, 3, 150, 4, 4, 150, 305, 306, 308, 306, 308, 3, 3, 3, 3, 3, 3, 3, 3
617, 3, 168, 4, 4, 168, 305, 306, 308, 306, 308, 3, 3, 3, 3, 3, 3, 3, 3
645, 3, 171, 4, 4, 171, 319, 318, 322, 318, 322, 3, 3, 3, 3, 3, 3, 3, 3
617, 3, 155, 4, 4, 155, 305, 307, 308, 307, 308, 3, 3, 3, 3, 3, 3, 3, 3
617, 3, 136, 4, 4, 136, 305, 307, 308, 307, 308, 3, 3, 3, 3, 3, 3, 3, 3
617, 3, 168, 4, 4, 168, 305, 305, 308, 305, 308, 3, 3, 3, 3, 3, 3, 3, 3
617, 3, 168, 4, 4, 168, 305, 306, 308, 306, 308, 3, 3, 3, 3, 3, 3, 3, 3
617, 3, 150, 4, 4, 150, 305, 305, 308, 305, 308, 3, 3, 3, 3, 3, 3, 3, 3
645, 3, 155, 4, 4, 155, 319, 321, 322, 321, 322, 3, 3, 3, 3, 3, 3, 3, 3
617, 3, 168, 4, 4, 168, 305, 304, 308, 304, 308, 3, 3, 3, 3, 3, 3, 3, 3
617, 3, 161, 4, 4, 161, 305, 305, 308, 305, 308, 3, 3, 3, 3, 3, 3, 3, 3
617, 3, 160, 4, 4, 160, 305, 306, 308, 306, 308, 3, 3, 3, 3, 3, 3, 3, 3
645, 3, 159, 4, 4, 159, 319, 317, 322, 317, 322, 3, 3, 3, 3, 3, 3, 3, 3
617, 3, 165, 4, 4, 165, 305, 306, 308, 306, 308, 3, 3, 3, 3, 3, 3, 3, 3
617, 3, 153, 4, 4, 153, 305, 304, 308, 304, 308, 3, 3, 3, 3, 3, 3, 3, 3
617, 3, 156, 4, 4, 156, 305, 307, 308, 307, 308, 3, 3, 3, 3, 3, 3, 3, 3
645, 3, 160, 4, 4, 160, 319, 320, 322, 320, 322, 3, 3, 3, 3, 3, 3, 3, 3
617, 3, 161, 4, 4, 161, 305, 306, 308, 306, 308, 3, 3, 3, 3, 3, 3, 3, 3
645, 3, 170, 4, 4, 170, 319, 320, 322, 320, 322, 3, 3, 3, 3, 3, 3, 3, 3
581, 3, 152, 3, 4, 152, 290, 290, 290, 290, 290, 3, 3, 3, 3, 3, 3, 3, 3
645, 3, 174, 4, 4, 174, 319, 319, 322, 319, 322, 3, 3, 3, 3, 3, 3, 3, 3
645, 3, 173, 4, 4, 173, 319, 321, 322, 321, 322, 3, 3, 3, 3, 3, 3, 3, 3
645, 3, 170, 4, 4, 170, 319, 320, 322, 320, 322, 3, 3, 3, 3, 3, 3, 3, 3
645, 3, 172, 4, 4, 172, 319, 321, 322, 321, 322, 3, 3, 3, 3, 3, 3, 3, 3
617, 3, 154, 4, 4, 154, 305, 306, 308, 306, 308, 3, 3, 3, 3, 3, 3, 3, 3
645, 3, 159, 4, 4, 159, 319, 320, 322, 320, 322, 3, 3, 3, 3, 3, 3, 3, 3
617, 3, 152, 4, 4, 152, 305, 306, 308, 306, 308, 3, 3, 3, 3, 3, 3, 3, 3
617, 3, 163, 4, 4, 163, 305, 306, 308, 306, 308, 3, 3, 3, 3, 3, 3, 3, 3
645, 3, 166, 4, 4, 166, 319, 322, 322, 322, 322, 3, 3, 3, 3, 3, 3, 3, 3
645, 3, 161, 4, 4, 161, 319, 320, 322, 320, 322, 3, 3, 3, 3, 3, 3, 3, 3
617, 3, 165, 4, 4, 165, 305, 306, 308, 306, 308, 3, 3, 3, 3, 3, 3, 3, 3
617, 3, 152, 4, 4, 152, 305, 307, 308, 307, 308, 3, 3, 3, 3, 3, 3, 3, 3
617, 3, 164, 4, 4, 164, 305, 307, 308, 307, 308, 3, 3, 3, 3, 3, 3, 3, 3
617, 3, 159, 4, 4, 159, 305, 306, 308, 306, 308, 3, 3, 3, 3, 3, 3, 3, 3
617, 3, 179, 4, 4, 179, 305, 306, 308, 306, 308, 3, 3, 3, 3, 3, 3, 3, 3
645, 3, 150, 4, 4, 150, 319, 319, 322, 319, 322, 3, 3, 3, 3, 3, 3, 3, 3
617, 3, 148, 4, 4, 148, 305, 307, 308, 307, 308, 3, 3, 3, 3, 3, 3, 3, 3
645, 3, 170, 4, 4, 170, 319, 320, 322, 320, 322, 3, 3, 3, 3, 3, 3, 3, 3
645, 3, 157, 4, 4, 157, 319, 322, 322, 322, 322, 3, 3, 3, 3, 3, 3, 3, 3
645, 3, 155, 4, 4, 155, 319, 320, 322, 320, 322, 3, 3, 3, 3, 3, 3, 3, 3
617, 3, 145, 4, 4, 145, 305, 307, 308, 307, 308, 3, 3, 3, 3, 3, 3, 3, 3
617, 3, 152, 4, 4, 152, 305, 306, 308, 306, 308, 3, 3, 3, 3, 3, 3, 3, 3
581, 3, 146, 3, 4, 146, 290, 290, 290, 290, 290, 3, 3, 3, 3, 3, 3, 3, 3
645, 3, 167, 4, 4, 167, 319, 321, 322, 321, 322, 3, 3, 3, 3, 3, 3, 3, 3
617, 3, 152, 4, 4, 152, 305, 306, 308, 306, 308, 3, 3, 3, 3, 3, 3, 3, 3
555, 3, 137, 3, 4, 137, 277, 275, 277, 275, 277, 3, 3, 3, 3, 3, 3, 3, 3
617, 3, 153, 4, 4, 153, 305, 305, 308, 305, 308, 3, 3, 3, 3, 3, 3, 3, 3
617, 3, 156, 4, 4, 156, 305, 305, 308, 305, 308, 3, 3, 3, 3, 3, 3, 3, 3
645, 3, 167, 4, 4, 167, 319, 319, 322, 319, 322, 3, 3, 3, 3, 3, 3, 3, 3
645, 3, 162, 4, 4, 162, 319, 320, 322, 320, 322, 3, 3, 3, 3, 3, 3, 3, 3
645, 3, 169, 4, 4, 169, 319, 321, 322, 321, 322, 3, 3, 3, 3, 3, 3, 3, 3
645, 3, 165, 4, 4, 165, 319, 320, 322, 320, 322, 3, 3, 3, 3, 3, 3, 3, 3
645, 3, 167, 4, 4, 167, 319, 320, 322, 320, 322, 3, 3, 3, 3, 3, 3, 3, 3
645, 3, 167, 4, 4, 167, 319, 320, 322, 320, 322, 3, 3, 3, 3, 3, 3, 3, 3
645, 3, 162, 4, 4, 162, 319, 320, 322, 320, 322, 3, 3, 3, 3, 3, 3, 3, 3
617, 3, 141, 4, 4, 141, 305, 306, 308, 306, 308, 3, 3, 3, 3, 3, 3, 3, 3
645, 3, 163, 4, 4, 163, 319, 319, 322, 319, 322, 3, 3, 3, 3, 3, 3, 3, 3
645, 3, 167, 4, 4, 167, 319, 319, 322, 319, 322, 3, 3, 3, 3, 3, 3, 3, 3
617, 3, 135, 4, 4, 135, 305, 305, 308, 305, 308, 3, 3, 3, 3, 3, 3, 3, 3
645, 3, 169, 4, 4, 169, 319, 319, 322, 319, 322, 3, 3, 3, 3, 3, 3, 3, 3
581, 3, 145, 3, 4, 145, 290, 290, 290, 290, 290, 3, 3, 3, 3, 3, 3, 3, 3
645, 3, 170, 4, 4, 170, 319, 322, 322, 322, 322, 3, 3, 3, 3, 3, 3, 3, 3
645, 3, 147, 4, 4, 147, 319, 321, 322, 321, 322, 3, 3, 3, 3, 3, 3, 3, 3
617, 3, 142, 4, 4, 142, 305, 306, 308, 306, 308, 3, 3, 3, 3, 3, 3, 3, 3
617, 3, 140, 4, 4, 140, 305, 305, 308, 305, 308, 3, 3, 3, 3, 3, 3, 3, 3
645, 3, 167, 4, 4, 167, 319, 321, 322, 321, 322, 3, 3, 3, 3, 3, 3, 3, 3
645, 3, 164, 4, 4, 164, 319, 317, 322, 317, 322, 3, 3, 3, 3, 3, 3, 3, 3
607, 3, 151, 3, 4, 151, 303, 303, 303, 303, 303, 3, 3, 3, 3, 3, 3, 3, 3
617, 3, 142, 4, 4, 142, 305, 306, 308, 306, 308, 3, 3, 3, 3, 3, 3, 3, 3
617, 3, 157, 4, 4, 157, 305, 306, 308, 306, 308, 3, 3, 3, 3, 3, 3, 3, 3
617, 3, 153, 4, 4, 153, 305, 307, 308, 307, 308, 3, 3, 3, 3, 3, 3, 3, 3
645, 3, 166, 4, 4, 166, 319, 319, 322, 319, 322, 3, 3, 3, 3, 3, 3, 3, 3
617, 3, 169, 4, 4, 169, 305, 304, 308, 304, 308, 3, 3, 3, 3, 3, 3, 3, 3
645, 3, 166, 4, 4, 166, 319, 321, 322, 321, 322, 3, 3, 3, 3, 3, 3, 3, 3
617, 3, 149, 4, 4, 149, 305, 306, 308, 306, 308, 3, 3, 3, 3, 3, 3, 3, 3
645, 3, 155, 4, 4, 155, 319, 321, 322, 321, 322, 3, 3, 3, 3, 3, 3, 3, 3
555, 3, 147, 3, 4, 147, 277, 277, 277, 277, 277, 3, 3, 3, 3, 3, 3, 3, 3
617, 3, 153, 4, 4, 153, 305, 307, 308, 307, 308, 3, 3, 3, 3, 3, 3, 3, 3
617, 3, 157, 4, 4, 157, 305, 304, 308, 304, 308, 3, 3, 3, 3, 3, 3, 3, 3
645, 3, 177, 4, 4, 177, 319, 320, 322, 320, 322, 3, 3, 3, 3, 3, 3, 3, 3
645, 3, 172, 4, 4, 172, 319, 322, 322, 322, 322, 3, 3, 3, 3, 3, 3, 3, 3
617, 3, 151, 4, 4, 151, 305, 307, 308, 307, 308, 3, 3, 3, 3, 3, 3, 3, 3
617, 3, 154, 4, 4, 154, 305, 305, 308, 305, 308, 3, 3, 3, 3, 3, 3, 3, 3
617, 3, 160, 4, 4, 160, 305, 304, 308, 304, 308, 3, 3, 3, 3, 3, 3, 3, 3
607, 3, 152, 3, 4, 152, 303, 303, 303, 303, 303, 3, 3, 3, 3, 3, 3, 3, 3
645, 3, 156, 4, 4, 156, 319, 321, 322, 321, 322, 3, 3, 3, 3, 3, 3, 3, 3
617, 3, 156, 4, 4, 156, 305, 306, 308, 306, 308, 3, 3, 3, 3, 3, 3, 3, 3
645, 3, 162, 4, 4, 162, 319, 320, 322, 320, 322, 3, 3, 3, 3, 3, 3, 3, 3
645, 3, 149, 4, 4, 149, 319, 320, 322, 320, 322, 3, 3, 3, 3, 3, 3, 3, 3
645, 3, 157, 4, 4, 157, 319, 318, 322, 318, 322, 3, 3, 3, 3, 3, 3, 3, 3
645, 3, 166, 4, 4, 166, 319, 321, 322, 321, 322, 3, 3, 3, 3, 3, 3, 3, 3
617, 3, 156, 4, 4, 156, 305, 308, 308, 308, 308, 3, 3, 3, 3, 3, 3, 3, 3
617, 3, 162, 4, 4, 162, 305, 308, 308, 308, 308, 3, 3, 3, 3, 3, 3, 3, 3
617, 3, 139, 4, 4, 139, 305, 305, 308, 305, 308, 3, 3, 3, 3, 3, 3, 3, 3
645, 3, 161, 4, 4, 161, 319, 321, 322, 321, 322, 3, 3, 3, 3, 3, 3, 3, 3
617, 3, 139, 4, 4, 139, 305, 307, 308, 307, 308, 3, 3, 3, 3, 3, 3, 3, 3
617, 3, 159, 4, 4, 159, 305, 308, 308, 308, 308, 3, 3, 3, 3, 3, 3, 3, 3
617, 3, 146, 4, 4, 146, 305, 307, 308, 307, 308, 3, 3, 3, 3, 3, 3, 3, 3
617, 3, 151, 4, 4, 151, 305, 304, 308, 304, 308, 3, 3, 3, 3, 3, 3, 3, 3
645, 3, 171, 4, 4, 171, 319, 320, 322, 320, 322, 3, 3, 3, 3, 3, 3, 3, 3
617, 3, 140, 4, 4, 140, 305, 301, 308, 301, 308, 3, 3, 3, 3, 3, 3, 3, 3
617, 3, 170, 4, 4, 170, 305, 308, 308, 308, 308, 3, 3, 3, 3, 3, 3, 3, 3
607, 3, 152, 3, 4, 152, 303, 303, 303, 303, 303, 3, 3, 3, 3, 3, 3, 3, 3
645, 3, 171, 4, 4, 171, 319, 322, 322, 322, 322, 3, 3, 3, 3, 3, 3, 3, 3
645, 3, 161, 4, 4, 161, 319, 320, 322, 320, 322, 3, 3, 3, 3, 3, 3, 3, 3
617, 3, 160, 4, 4, 160, 305, 306, 308, 306, 308, 3, 3, 3, 3, 3, 3, 3, 3
645, 3, 169, 4, 4, 169, 319, 322, 322, 322, 322, 3, 3, 3, 3, 3, 3, 3, 3
607, 3, 159, 3, 4, 159, 303, 303, 303, 303, 303, 3, 3, 3, 3, 3, 3, 3, 3
645, 3, 177, 4, 4, 177, 319, 321, 322, 321, 322, 3, 3, 3, 3, 3, 3, 3, 3
617, 3, 165, 4, 4, 165, 305, 307, 308, 307, 308, 3, 3, 3, 3, 3, 3, 3, 3
617, 3, 137, 4, 4, 137, 305, 307, 308, 307, 308, 3, 3, 3, 3, 3, 3, 3, 3
617, 3, 155, 4, 4, 155, 305, 306, 308, 306, 308, 3, 3, 3, 3, 3, 3, 3, 3
3, 2, 2, 2, 2, 2, 2, 2, 2, 2, 2, 2, 2, 2, 2, 2, 2, 2, 2
8, 3, 4, 3, 4, 4, 4, 4, 4, 4, 4, 3, 3, 3, 3, 3, 3, 3, 3
61, 10, 10, 9, 12, 10, 10, 10, 10, 10, 10, 8, 8, 8, 8, 8, 8, 8, 8
14, 3, 4, 3, 4, 4, 5, 5, 5, 5, 5, 3, 3, 3, 3, 3, 3, 3, 3
5341, 87, 87, 248, 244, 87, 255, 87, 208, 87, 241, 86, 86, 86, 86, 86, 86, 86, 86
9288, 69, 69, 287, 289, 70, 225, 69, 269, 69, 288, 69, 68, 68, 68, 69, 69, 68, 69
9293, 68, 69, 288, 292, 70, 227, 69, 263, 69, 263, 69, 68, 68, 68, 69, 68, 68, 69
9288, 69, 70, 287, 289, 70, 222, 70, 269, 70, 288, 69, 68, 68, 68, 69, 69, 68, 69
9176, 80, 81, 302, 290, 81, 298, 82, 285, 82, 290, 79, 80, 79, 79, 82, 82, 81, 79
5396, 88, 88, 257, 244, 88, 255, 88, 234, 89, 241, 88, 88, 88, 88, 88, 88, 88, 88
9293, 68, 69, 288, 290, 70, 227, 69, 263, 69, 263, 69, 68, 68, 68, 69, 68, 68, 69
9288, 69, 69, 287, 290, 70, 226, 69, 269, 69, 288, 69, 68, 68, 68, 69, 69, 68, 69
9288, 69, 69, 287, 289, 70, 225, 69, 269, 69, 288, 69, 68, 68, 68, 69, 69, 68, 69
9176, 83, 82, 302, 290, 82, 298, 82, 285, 82, 290, 79, 80, 79, 79, 82, 82, 81, 79
5389, 97, 97, 242, 248, 101, 248, 97, 199, 97, 242, 98, 98, 100, 98, 98, 99, 100, 99
5375, 88, 88, 243, 244, 88, 255, 88, 216, 88, 216, 87, 87, 87, 87, 87, 87, 87, 87
9261, 69, 70, 304, 306, 71, 261, 70, 279, 70, 295, 68, 68, 68, 70, 68, 67, 68, 69
9257, 69, 73, 312, 306, 72, 314, 72, 279, 70, 295, 69, 69, 69, 71, 69, 66, 69, 68
9176, 80, 80, 302, 290, 80, 298, 79, 285, 79, 290, 79, 80, 79, 79, 82, 82, 81, 79
9261, 69, 72, 304, 306, 72, 261, 72, 279, 67, 295, 68, 68, 68, 70, 68, 67, 68, 69
9261, 69, 72, 303, 305, 71, 260, 70, 279, 68, 295, 68, 68, 68, 70, 68, 67, 68, 69
25883, 834, 853, 2037, 2072, 858, 2045, 857, 1625, 859, 1625, 859, 852, 858, 856, 818, 858, 818, 856
33479, 914, 941, 2179, 2055, 933, 2186, 890, 1990, 890, 1990, 927, 907, 920, 869, 933, 924, 933, 915
8512, 75, 75, 305, 297, 75, 302, 75, 288, 75, 288, 74, 74, 74, 74, 74, 74, 74, 75
61, 5, 5, 6, 7, 5, 6, 5, 6, 5, 6, 5, 5, 6, 6, 5, 5, 5, 5
37, 5, 5, 6, 7, 5, 6, 5, 6, 5, 6, 5, 5, 5, 6, 5, 5, 5, 5
55, 5, 6, 6, 8, 6, 6, 6, 6, 6, 6, 5, 5, 6, 6, 5, 5, 5, 5
61, 5, 5, 6, 7, 5, 6, 5, 6, 5, 6, 5, 5, 6, 6, 5, 5, 5, 5
55, 5, 6, 6, 7, 6, 6, 6, 6, 6, 6, 5, 5, 6, 6, 5, 5, 5, 5
37, 5, 6, 6, 7, 6, 6, 6, 6, 6, 6, 5, 5, 5, 6, 5, 5, 5, 5
49, 5, 6, 6, 7, 6, 6, 6, 6, 6, 6, 5, 5, 6, 6, 5, 5, 5, 5
61, 5, 5, 6, 7, 5, 6, 5, 6, 5, 6, 5, 5, 6, 6, 5, 5, 5, 5
68, 7, 7, 8, 7, 7, 8, 7, 8, 7, 8, 7, 7, 7, 7, 7, 7, 7, 7
67, 5, 5, 6, 7, 5, 6, 5, 6, 5, 6, 5, 5, 5, 6, 5, 5, 5, 5
37, 5, 6, 6, 8, 6, 6, 6, 6, 6, 6, 5, 5, 5, 6, 5, 5, 5, 5
9029, 73, 74, 286, 285, 74, 227, 74, 223, 74, 290, 73, 71, 71, 73, 73, 73, 70, 72
49, 5, 6, 6, 8, 6, 6, 6, 6, 6, 6, 5, 5, 6, 6, 5, 5, 5, 5
73, 5, 6, 6, 8, 6, 6, 6, 6, 6, 6, 5, 5, 5, 6, 5, 5, 5, 5
71, 5, 6, 6, 8, 6, 6, 6, 6, 6, 6, 5, 5, 6, 6, 5, 5, 5, 5
67, 5, 6, 6, 7, 6, 6, 6, 6, 6, 6, 5, 5, 5, 6, 5, 5, 5, 5
8677, 74, 75, 286, 301, 75, 286, 75, 252, 75, 287, 73, 73, 73, 75, 73, 77, 73, 76
49, 5, 5, 6, 7, 5, 6, 5, 6, 5, 6, 5, 5, 6, 6, 5, 5, 5, 5
73, 5, 5, 6, 7, 5, 6, 5, 6, 5, 6, 5, 5, 5, 6, 5, 5, 5, 5
43, 5, 6, 6, 8, 6, 6, 6, 6, 6, 6, 5, 5, 5, 6, 5, 5, 5, 5
55, 5, 5, 6, 7, 5, 6, 5, 6, 5, 6, 5, 5, 6, 6, 5, 5, 5, 5
43, 5, 5, 6, 7, 5, 6, 5, 6, 5, 6, 5, 5, 5, 6, 5, 5, 5, 5
43, 5, 6, 6, 8, 6, 6, 6, 6, 6, 6, 5, 5, 5, 6, 5, 5, 5, 5
8677, 72, 74, 286, 301, 74, 286, 74, 252, 76, 287, 73, 73, 73, 75, 73, 77, 73, 76
37, 5, 6, 6, 7, 6, 6, 6, 6, 6, 6, 5, 5, 5, 6, 5, 5, 5, 5
37, 5, 5, 6, 7, 5, 6, 5, 6, 5, 6, 5, 5, 5, 6, 5, 5, 5, 5
49, 5, 5, 6, 7, 5, 6, 5, 6, 5, 6, 5, 5, 6, 6, 5, 5, 5, 5
67, 5, 6, 6, 8, 6, 6, 6, 6, 6, 6, 5, 5, 5, 6, 5, 5, 5, 5
67, 5, 5, 6, 8, 5, 6, 5, 6, 5, 6, 5, 5, 5, 6, 5, 5, 5, 5
8512, 73, 75, 305, 297, 75, 302, 75, 288, 73, 288, 74, 74, 74, 74, 74, 74, 74, 75
73, 5, 5, 6, 7, 5, 6, 5, 6, 5, 6, 5, 5, 5, 6, 5, 5, 5, 5
37, 5, 5, 6, 7, 5, 6, 5, 6, 5, 6, 5, 5, 5, 6, 5, 5, 5, 5
43, 5, 5, 6, 7, 5, 6, 5, 6, 5, 6, 5, 5, 5, 6, 5, 5, 5, 5
37, 5, 6, 6, 7, 6, 6, 6, 6, 6, 6, 5, 5, 5, 6, 5, 5, 5, 5
55, 5, 6, 6, 7, 6, 6, 6, 6, 6, 6, 5, 5, 6, 6, 5, 5, 5, 5
108, 11, 11, 12, 11, 11, 12, 11, 12, 11, 12, 11, 11, 11, 11, 11, 11, 11, 11
9029, 73, 74, 288, 287, 74, 229, 74, 223, 73, 290, 73, 71, 71, 73, 73, 73, 70, 72
61, 5, 5, 6, 7, 5, 6, 5, 6, 5, 6, 5, 5, 6, 6, 5, 5, 5, 5
8512, 74, 74, 305, 297, 74, 302, 74, 288, 74, 288, 74, 74, 74, 74, 74, 74, 74, 75
66, 7, 7, 8, 7, 7, 8, 7, 8, 7, 8, 7, 7, 7, 7, 7, 7, 7, 7
61, 5, 5, 6, 7, 5, 6, 5, 6, 5, 6, 5, 5, 6, 6, 5, 5, 5, 5
61, 5, 6, 6, 8, 6, 6, 6, 6, 6, 6, 5, 5, 6, 6, 5, 5, 5, 5
61, 5, 5, 6, 8, 5, 6, 5, 6, 5, 6, 5, 5, 6, 6, 5, 5, 5, 5
73, 5, 6, 6, 7, 6, 6, 6, 6, 6, 6, 5, 5, 5, 6, 5, 5, 5, 5
8512, 73, 73, 305, 298, 73, 302, 74, 288, 74, 288, 74, 74, 74, 74, 74, 74, 74, 75
43, 5, 5, 6, 7, 5, 6, 5, 6, 5, 6, 5, 5, 5, 6, 5, 5, 5, 5
49, 5, 6, 6, 7, 6, 6, 6, 6, 6, 6, 5, 5, 6, 6, 5, 5, 5, 5
59, 5, 6, 6, 7, 6, 6, 6, 6, 6, 6, 5, 5, 6, 6, 5, 5, 5, 5
67, 5, 6, 6, 8, 6, 6, 6, 6, 6, 6, 5, 5, 5, 6, 5, 5, 5, 5
65, 5, 6, 6, 7, 6, 6, 6, 6, 6, 6, 5, 5, 5, 6, 5, 5, 5, 5
49, 5, 6, 6, 8, 6, 6, 6, 6, 6, 6, 5, 5, 6, 6, 5, 5, 5, 5
43, 5, 5, 6, 7, 5, 6, 5, 6, 5, 6, 5, 5, 5, 6, 5, 5, 5, 5
8677, 78, 77, 286, 302, 77, 286, 77, 252, 76, 287, 73, 73, 73, 75, 73, 77, 73, 76
67, 5, 6, 6, 8, 6, 6, 6, 6, 6, 6, 5, 5, 5, 6, 5, 5, 5, 5
49, 5, 5, 6, 7, 5, 6, 5, 6, 5, 6, 5, 5, 6, 6, 5, 5, 5, 5
80, 6, 6, 8, 8, 6, 8, 6, 8, 6, 8, 6, 6, 6, 8, 6, 7, 6, 8
55, 5, 6, 6, 7, 6, 6, 6, 6, 6, 6, 5, 5, 6, 6, 5, 5, 5, 5
43, 5, 5, 6, 7, 5, 6, 5, 6, 5, 6, 5, 5, 5, 6, 5, 5, 5, 5
9000, 75, 75, 295, 296, 78, 295, 75, 295, 75, 295, 75, 75, 75, 75, 75, 76, 75, 75
73, 5, 6, 6, 7, 6, 6, 6, 6, 6, 6, 5, 5, 5, 6, 5, 5, 5, 5
9000, 75, 75, 295, 296, 75, 295, 75, 295, 75, 295, 75, 75, 75, 75, 75, 76, 75, 75
9000, 75, 75, 295, 296, 76, 295, 75, 295, 75, 295, 75, 75, 75, 75, 75, 76, 75, 75
73, 5, 5, 6, 7, 5, 6, 5, 6, 5, 6, 5, 5, 5, 6, 5, 5, 5, 5
73, 5, 6, 6, 8, 6, 6, 6, 6, 6, 6, 5, 5, 5, 6, 5, 5, 5, 5
9029, 73, 73, 286, 285, 73, 228, 74, 223, 73, 290, 73, 71, 71, 73, 73, 73, 70, 72
55, 5, 6, 6, 7, 6, 6, 6, 6, 6, 6, 5, 5, 6, 6, 5, 5, 5, 5
9029, 73, 72, 287, 286, 73, 227, 73, 223, 73, 290, 73, 71, 71, 73, 73, 73, 70, 72
71, 5, 6, 6, 8, 6, 6, 6, 6, 6, 6, 5, 5, 6, 6, 5, 5, 5, 5
835, 28, 37, 25, 26, 37, 25, 37, 33, 36, 33, 29, 25, 30, 25, 29, 25, 30, 25
1261, 27, 95, 30, 32, 95, 30, 95, 164, 95, 389, 31, 25, 31, 25, 31, 28, 31, 31
194, 12, 20, 12, 14, 20, 12, 20, 11, 20, 11, 11, 11, 11, 11, 11, 10, 11, 10
626, 26, 115, 24, 28, 115, 24, 115, 90, 115, 105, 24, 24, 24, 24, 24, 24, 24, 25
151, 10, 12, 13, 14, 12, 13, 12, 14, 12, 14, 12, 10, 12, 14, 10, 10, 10, 10
578, 22, 41, 21, 22, 41, 21, 41, 19, 41, 19, 23, 20, 23, 21, 23, 22, 23, 22
133, 10, 11, 11, 12, 11, 11, 11, 11, 11, 11, 9, 8, 9, 11, 10, 10, 10, 6
300, 9, 31, 10, 19, 31, 10, 31, 70, 31, 104, 10, 10, 10, 9, 10, 10, 10, 11
350, 13, 31, 13, 15, 31, 13, 31, 13, 31, 13, 14, 13, 14, 13, 14, 14, 14, 14
104, 2, 27, 3, 4, 27, 3, 27, 2, 27, 2, 2, 2, 2, 2, 2, 2, 2, 2
54, 2, 14, 3, 4, 14, 3, 14, 2, 14, 2, 2, 2, 2, 2, 2, 2, 2, 2
49, 2, 10, 3, 4, 10, 3, 10, 2, 10, 2, 2, 2, 2, 2, 2, 2, 2, 2
39, 2, 8, 2, 4, 8, 2, 8, 2, 8, 2, 2, 2, 2, 2, 2, 2, 2, 2
64, 2, 9, 3, 4, 9, 3, 9, 2, 9, 2, 2, 2, 2, 2, 2, 2, 2, 2
19, 2, 5, 3, 4, 5, 3, 5, 2, 5, 2, 2, 2, 2, 2, 2, 2, 2, 2
29, 2, 8, 3, 4, 8, 3, 8, 2, 8, 2, 2, 2, 2, 2, 2, 2, 2, 2
74, 2, 16, 3, 4, 16, 3, 16, 2, 16, 2, 2, 2, 2, 2, 2, 2, 2, 2
34, 2, 9, 2, 4, 9, 2, 9, 2, 9, 2, 2, 2, 2, 2, 2, 2, 2, 2
99, 2, 20, 3, 4, 20, 3, 20, 2, 20, 2, 2, 2, 2, 2, 2, 2, 2, 2
84, 2, 17, 2, 4, 17, 2, 17, 2, 17, 2, 2, 2, 2, 2, 2, 2, 2, 2
69, 2, 18, 2, 4, 18, 2, 18, 2, 18, 2, 2, 2, 2, 2, 2, 2, 2, 2
14, 2, 3, 3, 4, 3, 3, 3, 2, 3, 2, 2, 2, 2, 2, 2, 2, 2, 2
79, 2, 17, 3, 4, 17, 3, 17, 2, 17, 2, 2, 2, 2, 2, 2, 2, 2, 2
94, 2, 19, 3, 4, 19, 3, 19, 2, 19, 2, 2, 2, 2, 2, 2, 2, 2, 2
24, 2, 8, 3, 4, 8, 3, 8, 2, 8, 2, 2, 2, 2, 2, 2, 2, 2, 2
59, 2, 11, 3, 4, 11, 3, 11, 2, 11, 2, 2, 2, 2, 2, 2, 2, 2, 2
44, 2, 10, 2, 4, 10, 2, 10, 2, 10, 2, 2, 2, 2, 2, 2, 2, 2, 2
89, 2, 20, 2, 4, 20, 2, 20, 2, 20, 2, 2, 2, 2, 2, 2, 2, 2, 2
7830, 772, 780, 855, 972, 781, 884, 781, 788, 790, 788, 780, 788, 795, 801, 784, 785, 788, 780
1675, 170, 182, 198, 213, 182, 189, 185, 175, 182, 175, 176, 182, 177, 182, 174, 173, 174, 174
68, 3, 17, 3, 4, 17, 32, 32, 32, 32, 32, 3, 3, 3, 3, 3, 3, 3, 3
38, 3, 13, 3, 4, 13, 17, 16, 17, 16, 17, 3, 3, 3, 3, 3, 3, 3, 3
38, 3, 9, 3, 4, 9, 17, 17, 17, 17, 17, 3, 3, 3, 3, 3, 3, 3, 3
38, 3, 12, 3, 4, 12, 17, 17, 17, 17, 17, 3, 3, 3, 3, 3, 3, 3, 3
38, 3, 10, 3, 4, 10, 17, 17, 17, 17, 17, 3, 3, 3, 3, 3, 3, 3, 3
38, 3, 12, 3, 4, 12, 17, 17, 17, 17, 17, 3, 3, 3, 3, 3, 3, 3, 3
38, 3, 10, 3, 4, 10, 17, 17, 17, 17, 17, 3, 3, 3, 3, 3, 3, 3, 3
38, 3, 10, 3, 4, 10, 17, 17, 17, 17, 17, 3, 3, 3, 3, 3, 3, 3, 3
76, 3, 22, 3, 4, 22, 36, 36, 36, 36, 36, 3, 3, 3, 3, 3, 3, 3, 3
38, 3, 13, 3, 4, 13, 17, 17, 17, 17, 17, 3, 3, 3, 3, 3, 3, 3, 3
38, 3, 12, 3, 4, 12, 17, 17, 17, 17, 17, 3, 3, 3, 3, 3, 3, 3, 3
38, 3, 6, 3, 4, 6, 17, 9, 17, 9, 17, 3, 3, 3, 3, 3, 3, 3, 3
38, 3, 9, 3, 4, 9, 17, 15, 17, 15, 17, 3, 3, 3, 3, 3, 3, 3, 3
48, 3, 9, 3, 4, 9, 22, 22, 22, 22, 22, 3, 3, 3, 3, 3, 3, 3, 3
46, 3, 13, 3, 4, 13, 21, 20, 21, 20, 21, 3, 3, 3, 3, 3, 3, 3, 3
48, 3, 10, 3, 4, 10, 22, 22, 22, 22, 22, 3, 3, 3, 3, 3, 3, 3, 3
48, 3, 14, 3, 4, 14, 22, 21, 22, 21, 22, 3, 3, 3, 3, 3, 3, 3, 3
48, 3, 10, 3, 4, 10, 22, 17, 22, 17, 22, 3, 3, 3, 3, 3, 3, 3, 3
48, 3, 13, 3, 4, 13, 22, 22, 22, 22, 22, 3, 3, 3, 3, 3, 3, 3, 3
48, 3, 11, 3, 4, 11, 22, 21, 22, 21, 22, 3, 3, 3, 3, 3, 3, 3, 3
86, 3, 14, 3, 4, 14, 41, 41, 41, 41, 41, 3, 3, 3, 3, 3, 3, 3, 3
48, 3, 13, 3, 4, 13, 22, 22, 22, 22, 22, 3, 3, 3, 3, 3, 3, 3, 3
48, 3, 11, 3, 4, 11, 22, 22, 22, 22, 22, 3, 3, 3, 3, 3, 3, 3, 3
48, 3, 14, 3, 4, 14, 22, 22, 22, 22, 22, 3, 3, 3, 3, 3, 3, 3, 3
48, 3, 15, 3, 4, 15, 22, 22, 22, 22, 22, 3, 3, 3, 3, 3, 3, 3, 3
48, 3, 13, 3, 4, 13, 22, 22, 22, 22, 22, 3, 3, 3, 3, 3, 3, 3, 3
48, 3, 10, 3, 4, 10, 22, 18, 22, 18, 22, 3, 3, 3, 3, 3, 3, 3, 3
48, 3, 11, 3, 4, 11, 22, 22, 22, 22, 22, 3, 3, 3, 3, 3, 3, 3, 3
48, 3, 11, 3, 4, 11, 22, 21, 22, 21, 22, 3, 3, 3, 3, 3, 3, 3, 3
48, 3, 10, 3, 4, 10, 22, 20, 22, 20, 22, 3, 3, 3, 3, 3, 3, 3, 3
48, 3, 13, 3, 4, 13, 22, 22, 22, 22, 22, 3, 3, 3, 3, 3, 3, 3, 3
48, 3, 10, 3, 4, 10, 22, 22, 22, 22, 22, 3, 3, 3, 3, 3, 3, 3, 3
86, 3, 27, 3, 4, 27, 41, 41, 41, 41, 41, 3, 3, 3, 3, 3, 3, 3, 3
58, 3, 18, 3, 4, 18, 27, 27, 27, 27, 27, 3, 3, 3, 3, 3, 3, 3, 3
58, 3, 20, 3, 4, 20, 27, 27, 27, 27, 27, 3, 3, 3, 3, 3, 3, 3, 3
58, 3, 13, 3, 4, 13, 27, 27, 27, 27, 27, 3, 3, 3, 3, 3, 3, 3, 3
58, 3, 13, 3, 4, 13, 27, 27, 27, 27, 27, 3, 3, 3, 3, 3, 3, 3, 3
58, 3, 17, 3, 4, 17, 27, 27, 27, 27, 27, 3, 3, 3, 3, 3, 3, 3, 3
106, 3, 34, 3, 4, 34, 51, 51, 51, 51, 51, 3, 3, 3, 3, 3, 3, 3, 3
28, 3, 9, 3, 4, 9, 12, 12, 12, 12, 12, 3, 3, 3, 3, 3, 3, 3, 3
18, 3, 6, 3, 4, 6, 7, 7, 7, 7, 7, 3, 3, 3, 3, 3, 3, 3, 3
24, 3, 5, 3, 4, 5, 10, 10, 10, 10, 10, 3, 3, 3, 3, 3, 3, 3, 3
18, 3, 5, 3, 4, 5, 7, 7, 7, 7, 7, 3, 3, 3, 3, 3, 3, 3, 3
28, 3, 9, 3, 4, 9, 12, 11, 12, 11, 12, 3, 3, 3, 3, 3, 3, 3, 3
26, 3, 6, 3, 4, 6, 11, 11, 11, 11, 11, 3, 3, 3, 3, 3, 3, 3, 3
28, 3, 8, 3, 4, 8, 12, 12, 12, 12, 12, 3, 3, 3, 3, 3, 3, 3, 3
8, 2, 2, 2, 2, 2, 2, 2, 2, 2, 2, 2, 2, 2, 2, 2, 2, 2, 2
28, 3, 10, 3, 4, 10, 12, 12, 12, 12, 12, 3, 3, 3, 3, 3, 3, 3, 3
24, 3, 7, 3, 4, 7, 10, 10, 10, 10, 10, 3, 3, 3, 3, 3, 3, 3, 3
20, 3, 7, 3, 4, 7, 8, 8, 8, 8, 8, 3, 3, 3, 3, 3, 3, 3, 3
26, 3, 8, 3, 4, 8, 11, 10, 11, 10, 11, 3, 3, 3, 3, 3, 3, 3, 3
26, 3, 5, 3, 4, 5, 11, 9, 11, 9, 11, 3, 3, 3, 3, 3, 3, 3, 3
24, 3, 7, 3, 4, 7, 10, 10, 10, 10, 10, 3, 3, 3, 3, 3, 3, 3, 3
28, 3, 8, 3, 4, 8, 12, 12, 12, 12, 12, 3, 3, 3, 3, 3, 3, 3, 3
22, 3, 9, 3, 4, 9, 9, 9, 9, 9, 9, 3, 3, 3, 3, 3, 3, 3, 3
28, 3, 9, 3, 4, 9, 12, 12, 12, 12, 12, 3, 3, 3, 3, 3, 3, 3, 3
28, 3, 6, 3, 4, 6, 12, 12, 12, 12, 12, 3, 3, 3, 3, 3, 3, 3, 3
24, 3, 6, 3, 4, 6, 10, 10, 10, 10, 10, 3, 3, 3, 3, 3, 3, 3, 3
20, 3, 7, 3, 4, 7, 8, 8, 8, 8, 8, 3, 3, 3, 3, 3, 3, 3, 3
26, 3, 9, 3, 4, 9, 11, 11, 11, 11, 11, 3, 3, 3, 3, 3, 3, 3, 3
26, 3, 5, 3, 4, 5, 11, 11, 11, 11, 11, 3, 3, 3, 3, 3, 3, 3, 3
28, 3, 8, 3, 4, 8, 12, 12, 12, 12, 12, 3, 3, 3, 3, 3, 3, 3, 3
28, 3, 5, 3, 4, 5, 12, 12, 12, 12, 12, 3, 3, 3, 3, 3, 3, 3, 3
16, 3, 5, 3, 4, 5, 6, 5, 6, 5, 6, 3, 3, 3, 3, 3, 3, 3, 3
18, 3, 5, 3, 4, 5, 7, 7, 7, 7, 7, 3, 3, 3, 3, 3, 3, 3, 3
28, 3, 10, 3, 4, 10, 12, 12, 12, 12, 12, 3, 3, 3, 3, 3, 3, 3, 3
24, 3, 9, 3, 4, 9, 10, 10, 10, 10, 10, 3, 3, 3, 3, 3, 3, 3, 3
20, 3, 7, 3, 4, 7, 8, 8, 8, 8, 8, 3, 3, 3, 3, 3, 3, 3, 3
28, 3, 10, 3, 4, 10, 12, 12, 12, 12, 12, 3, 3, 3, 3, 3, 3, 3, 3
20, 3, 5, 3, 4, 5, 8, 8, 8, 8, 8, 3, 3, 3, 3, 3, 3, 3, 3
8, 2, 2, 2, 2, 2, 2, 2, 2, 2, 2, 2, 2, 2, 2, 2, 2, 2, 2
22, 3, 6, 3, 4, 6, 9, 9, 9, 9, 9, 3, 3, 3, 3, 3, 3, 3, 3
24, 3, 5, 3, 4, 5, 10, 5, 10, 5, 10, 3, 3, 3, 3, 3, 3, 3, 3
26, 3, 5, 3, 4, 5, 11, 11, 11, 11, 11, 3, 3, 3, 3, 3, 3, 3, 3
46, 3, 12, 3, 4, 12, 21, 19, 21, 19, 21, 3, 3, 3, 3, 3, 3, 3, 3
28, 3, 7, 3, 4, 7, 12, 12, 12, 12, 12, 3, 3, 3, 3, 3, 3, 3, 3
28, 3, 6, 3, 4, 6, 12, 12, 12, 12, 12, 3, 3, 3, 3, 3, 3, 3, 3
28, 3, 7, 3, 4, 7, 12, 11, 12, 11, 12, 3, 3, 3, 3, 3, 3, 3, 3
28, 3, 8, 3, 4, 8, 12, 12, 12, 12, 12, 3, 3, 3, 3, 3, 3, 3, 3
28, 3, 9, 3, 4, 9, 12, 12, 12, 12, 12, 3, 3, 3, 3, 3, 3, 3, 3
46, 3, 13, 3, 4, 13, 21, 20, 21, 20, 21, 3, 3, 3, 3, 3, 3, 3, 3
28, 3, 7, 3, 4, 7, 12, 11, 12, 11, 12, 3, 3, 3, 3, 3, 3, 3, 3
28, 3, 6, 3, 4, 6, 12, 11, 12, 11, 12, 3, 3, 3, 3, 3, 3, 3, 3
28, 3, 10, 3, 4, 10, 12, 12, 12, 12, 12, 3, 3, 3, 3, 3, 3, 3, 3
437, 18, 28, 17, 21, 28, 59, 25, 59, 27, 59, 21, 15, 21, 16, 23, 15, 23, 15
253, 30, 36, 28, 32, 36, 41, 34, 41, 36, 41, 18, 19, 25, 19, 23, 18, 23, 18
22501, 544, 569, 1655, 949, 564, 1655, 554, 924, 554, 924, 533, 544, 534, 541, 535, 578, 535, 542
28265, 1146, 1082, 1631, 1474, 1081, 1654, 1108, 1376, 1108, 1376, 1158, 1188, 1194, 1191, 1091, 1152, 1199, 1095
25526, 1116, 1110, 2337, 2179, 1110, 2359, 1129, 1673, 1126, 1673, 1157, 1173, 1125, 1121, 1158, 1173, 1109, 1123
358, 17, 19, 18, 25, 19, 49, 17, 49, 18, 49, 19, 14, 24, 16, 21, 14, 21, 13
1836, 170, 164, 199, 201, 164, 211, 167, 208, 167, 208, 164, 162, 167, 168, 164, 162, 166, 163
6982, 435, 421, 559, 617, 420, 633, 426, 719, 426, 719, 445, 434, 432, 420, 421, 445, 461, 428
758, 57, 62, 74, 86, 62, 83, 62, 97, 62, 97, 57, 57, 59, 59, 56, 57, 54, 57
11429, 347, 349, 877, 480, 350, 877, 347, 631, 347, 631, 355, 353, 357, 344, 355, 359, 357, 363
24988, 770, 782, 1423, 1418, 782, 1443, 783, 1522, 783, 1522, 796, 796, 797, 769, 800, 797, 801, 736
5401, 252, 257, 516, 356, 257, 517, 255, 412, 255, 402, 246, 251, 246, 247, 249, 253, 249, 260
2352, 194, 192, 208, 214, 200, 210, 206, 281, 206, 281, 193, 196, 193, 195, 194, 196, 194, 200
18002, 666, 669, 1358, 863, 623, 1358, 633, 877, 633, 885, 668, 676, 654, 663, 663, 672, 652, 664
2325, 144, 146, 205, 225, 146, 207, 146, 219, 146, 219, 140, 142, 140, 144, 141, 140, 141, 138
9150, 394, 386, 589, 592, 387, 575, 408, 607, 410, 607, 393, 389, 383, 396, 393, 398, 384, 416
11105, 418, 341, 513, 606, 341, 539, 333, 789, 333, 789, 402, 403, 403, 346, 402, 402, 402, 398
1753, 135, 135, 194, 202, 136, 171, 136, 196, 136, 196, 126, 137, 128, 137, 127, 126, 127, 123
5175, 278, 287, 283, 297, 288, 283, 286, 505, 286, 676, 275, 277, 275, 283, 275, 274, 275, 276
8030, 391, 400, 398, 415, 400, 398, 399, 766, 400, 1024, 396, 393, 394, 397, 392, 392, 392, 391
6074, 312, 319, 320, 333, 319, 320, 319, 586, 320, 784, 315, 312, 317, 316, 312, 313, 312, 310
11540, 523, 536, 721, 737, 537, 784, 539, 730, 540, 1031, 522, 522, 525, 529, 522, 522, 522, 525
12860, 577, 581, 799, 594, 581, 671, 581, 1198, 589, 1600, 585, 572, 585, 575, 572, 570, 572, 571
14268, 621, 635, 2987, 899, 635, 3440, 635, 887, 636, 1224, 623, 623, 623, 627, 622, 621, 622, 624
9177, 437, 442, 577, 591, 441, 590, 441, 590, 443, 821, 442, 434, 440, 437, 433, 433, 435, 433
10286, 482, 488, 647, 662, 488, 662, 488, 662, 490, 923, 486, 478, 487, 483, 477, 476, 477, 477
15630, 676, 686, 1662, 1051, 687, 2159, 686, 945, 690, 1349, 681, 672, 679, 677, 675, 670, 676, 676
6981, 353, 360, 358, 371, 361, 358, 361, 673, 364, 900, 356, 353, 355, 356, 353, 352, 353, 350
53482, 1772, 1728, 2519, 2569, 1725, 2524, 1725, 2649, 1727, 2572, 1766, 1759, 1714, 1722, 1775, 1767, 1736, 1717
1671, 141, 149, 158, 163, 151, 158, 157, 233, 158, 253, 142, 145, 143, 152, 142, 143, 142, 148
4340, 395, 436, 442, 454, 422, 453, 419, 569, 418, 670, 403, 402, 403, 441, 403, 406, 403, 427
6381, 483, 516, 559, 571, 516, 567, 516, 968, 516, 978, 486, 461, 479, 480, 480, 493, 478, 460
5186, 515, 533, 548, 609, 552, 576, 544, 823, 537, 826, 507, 540, 508, 500, 507, 544, 504, 491
2810, 297, 307, 300, 346, 306, 295, 299, 577, 298, 582, 286, 276, 274, 282, 285, 285, 281, 282
9791, 689, 690, 857, 858, 690, 848, 701, 860, 688, 886, 679, 675, 679, 680, 679, 674, 679, 687
4161, 384, 411, 406, 414, 411, 420, 386, 495, 381, 505, 381, 387, 378, 367, 374, 374, 374, 379
18741, 951, 953, 1238, 1225, 954, 1202, 974, 1210, 974, 1219, 930, 950, 915, 917, 932, 946, 933, 933
4189, 413, 415, 409, 464, 415, 411, 414, 538, 414, 554, 394, 405, 393, 412, 394, 403, 399, 396
1985, 211, 224, 218, 238, 230, 216, 232, 287, 232, 287, 222, 228, 212, 217, 220, 229, 210, 221
10414, 832, 817, 1155, 1146, 817, 1163, 826, 1145, 838, 1150, 805, 805, 805, 798, 813, 815, 813, 817
14861, 815, 810, 1207, 1206, 810, 1208, 824, 1206, 815, 1210, 821, 829, 798, 822, 826, 807, 798, 804
3498, 366, 368, 375, 396, 369, 383, 369, 468, 385, 483, 351, 350, 350, 346, 352, 351, 352, 346
1943, 159, 206, 177, 181, 206, 179, 212, 302, 210, 322, 149, 154, 173, 154, 150, 153, 170, 167
1903, 224, 245, 260, 273, 238, 247, 249, 352, 245, 393, 226, 224, 237, 226, 223, 223, 238, 228
33464, 1161, 1166, 1715, 1696, 1169, 1696, 1164, 1708, 1152, 1708, 1153, 1153, 1124, 1170, 1164, 1163, 1125, 1136
7264, 587, 588, 613, 630, 588, 645, 588, 756, 607, 762, 584, 609, 582, 604, 587, 579, 587, 596
4293, 427, 446, 455, 471, 444, 473, 436, 607, 435, 603, 433, 430, 432, 431, 432, 431, 441, 426
9703, 741, 832, 773, 867, 772, 805, 729, 1146, 731, 1152, 761, 761, 814, 722, 761, 757, 827, 769
5575, 509, 528, 585, 662, 528, 572, 527, 901, 534, 910, 523, 524, 524, 510, 522, 536, 522, 511
3521, 312, 335, 361, 376, 334, 353, 323, 535, 321, 587, 309, 329, 309, 308, 311, 326, 311, 341
5547, 501, 527, 572, 604, 522, 560, 513, 676, 537, 682, 507, 507, 503, 461, 509, 505, 512, 509
12901, 891, 899, 1241, 1272, 899, 1239, 898, 1238, 891, 1238, 900, 907, 900, 908, 900, 914, 900, 895
27192, 1213, 1211, 1661, 1666, 1210, 1675, 1224, 1695, 1189, 1691, 1176, 1216, 1167, 1205, 1123, 1205, 1124, 1122
10930, 705, 734, 931, 952, 734, 937, 734, 937, 715, 938, 719, 696, 719, 710, 719, 718, 719, 706
33291, 1162, 1169, 1914, 1916, 1217, 1916, 1181, 1937, 1181, 1931, 1190, 1155, 1196, 1159, 1192, 1165, 1199, 1167
2089, 223, 240, 250, 254, 239, 254, 251, 328, 249, 329, 222, 223, 222, 221, 223, 222, 224, 234
13875, 773, 784, 1093, 1087, 779, 1082, 778, 1074, 777, 1059, 778, 772, 779, 771, 779, 772, 780, 772
47830, 1577, 1578, 2537, 2489, 1577, 2454, 1590, 2482, 1586, 2536, 1587, 1585, 1585, 1572, 1591, 1597, 1586, 1568
6773, 516, 519, 784, 784, 519, 784, 518, 740, 511, 740, 521, 523, 521, 511, 518, 524, 517, 490
5123, 484, 506, 512, 534, 495, 527, 495, 694, 491, 703, 475, 452, 475, 457, 479, 472, 479, 454
14382, 948, 943, 1308, 1232, 1025, 1356, 984, 1241, 978, 1243, 985, 985, 983, 1005, 985, 1009, 984, 939
2725, 274, 289, 327, 330, 289, 332, 285, 399, 284, 429, 273, 274, 275, 278, 273, 275, 275, 275
17395, 1193, 1203, 1561, 1531, 1203, 1578, 1206, 1500, 1207, 1616, 1212, 1210, 1212, 1211, 1216, 1200, 1216, 1238
52823, 1633, 1661, 2775, 2737, 1661, 2803, 1661, 2803, 1655, 2803, 1635, 1634, 1644, 1629, 1634, 1634, 1635, 1638
13937, 920, 936, 1012, 1040, 936, 1002, 926, 1363, 925, 1364, 930, 957, 929, 928, 955, 958, 953, 954
16299, 1013, 1025, 1705, 1629, 1025, 1705, 1002, 1598, 1000, 1609, 982, 992, 982, 998, 986, 1000, 986, 987
53462, 1443, 1417, 2575, 2460, 1436, 2484, 1421, 2482, 1405, 2461, 1476, 1470, 1476, 1523, 1479, 1476, 1479, 1453
4676, 502, 519, 579, 588, 519, 594, 530, 702, 528, 765, 496, 495, 498, 505, 501, 501, 501, 503
637, 71, 79, 75, 75, 79, 76, 76, 138, 77, 160, 71, 71, 71, 74, 71, 71, 71, 71
8849, 747, 776, 1136, 1104, 777, 1118, 776, 1152, 773, 1193, 754, 784, 716, 748, 755, 783, 740, 715
6679, 567, 584, 838, 740, 584, 867, 583, 797, 580, 811, 564, 563, 560, 560, 552, 547, 553, 570
13391, 757, 759, 1128, 985, 759, 1213, 759, 1050, 759, 1058, 755, 757, 755, 761, 756, 760, 756, 763
3947, 414, 427, 474, 480, 426, 484, 445, 513, 443, 515, 417, 415, 416, 426, 412, 416, 411, 427
2881, 348, 352, 380, 421, 360, 388, 359, 482, 355, 528, 376, 373, 372, 361, 354, 346, 351, 365
1330, 156, 165, 165, 174, 167, 162, 186, 229, 184, 295, 156, 158, 155, 131, 158, 154, 157, 156
15017, 847, 881, 1247, 1213, 865, 1210, 910, 1227, 906, 1229, 838, 852, 837, 852, 838, 839, 838, 811
6527, 600, 606, 895, 902, 606, 910, 617, 857, 618, 857, 571, 550, 571, 567, 574, 558, 574, 577
3909, 153, 160, 341, 401, 160, 343, 160, 582, 160, 655, 147, 140, 143, 135, 153, 156, 161, 147
5737, 521, 592, 645, 649, 592, 628, 594, 740, 594, 757, 515, 516, 514, 571, 503, 496, 501, 514
7893, 692, 719, 795, 831, 744, 805, 742, 1003, 740, 993, 718, 726, 717, 700, 721, 710, 728, 683
8596, 609, 638, 650, 745, 660, 684, 658, 918, 657, 920, 608, 608, 610, 625, 621, 615, 622, 589
2472, 285, 321, 318, 328, 320, 330, 313, 437, 312, 445, 278, 275, 271, 274, 278, 273, 279, 271
17655, 1050, 1062, 1459, 1402, 1062, 1366, 1023, 1446, 1015, 1460, 1008, 1008, 1008, 1008, 1068, 1056, 1068, 1061
22171, 1101, 1108, 1690, 1721, 1133, 1744, 1133, 1663, 1130, 1663, 1094, 1095, 1094, 1091, 1099, 1098, 1098, 1101
16586, 973, 988, 1345, 1346, 988, 1357, 983, 1367, 967, 1377, 969, 988, 969, 987, 997, 1011, 997, 982
10094, 611, 611, 937, 907, 613, 886, 610, 903, 609, 916, 609, 609, 609, 597, 611, 613, 611, 614
9926, 697, 705, 1040, 928, 705, 1057, 703, 938, 701, 949, 695, 691, 694, 695, 695, 698, 694, 695
2056, 223, 265, 256, 280, 270, 260, 262, 395, 263, 430, 229, 232, 228, 229, 231, 231, 231, 232
40556, 1327, 1365, 1936, 1960, 1375, 2086, 1375, 1980, 1374, 1984, 1328, 1327, 1341, 1374, 1328, 1327, 1328, 1352
1467, 165, 194, 185, 187, 194, 187, 189, 239, 188, 255, 163, 162, 128, 155, 164, 165, 162, 163
5705, 537, 550, 897, 934, 550, 907, 549, 873, 558, 873, 541, 538, 540, 545, 544, 537, 544, 538
6054, 523, 518, 547, 593, 523, 557, 522, 733, 522, 739, 524, 517, 522, 523, 523, 515, 521, 521
6414, 577, 604, 918, 970, 600, 921, 590, 921, 589, 921, 580, 576, 581, 581, 589, 580, 589, 585
1663, 212, 249, 246, 254, 251, 249, 230, 322, 230, 328, 207, 200, 203, 201, 209, 191, 206, 195
7329, 641, 641, 907, 859, 641, 890, 641, 893, 641, 894, 660, 660, 656, 663, 660, 663, 656, 662
13239, 908, 928, 1156, 1217, 903, 1173, 903, 1178, 903, 1178, 901, 877, 896, 891, 913, 873, 902, 885
28901, 1351, 1354, 1957, 1912, 1356, 1877, 1354, 1920, 1359, 1947, 1352, 1351, 1352, 1351, 1353, 1355, 1355, 1371
6020, 433, 434, 526, 545, 434, 505, 433, 804, 433, 854, 429, 426, 441, 430, 429, 426, 429, 429
3320, 370, 380, 404, 439, 380, 409, 394, 533, 388, 533, 360, 359, 356, 362, 372, 363, 354, 349
28605, 1032, 1039, 1588, 1593, 1039, 1591, 1008, 1548, 1018, 1548, 1028, 1031, 1021, 1025, 1029, 1027, 1029, 1030
799, 68, 72, 69, 69, 71, 72, 72, 125, 72, 141, 62, 62, 63, 62, 59, 60, 65, 60
9916, 733, 733, 1032, 1076, 733, 1026, 732, 1025, 717, 1038, 713, 714, 722, 724, 713, 722, 713, 723
24992, 974, 975, 1856, 1826, 975, 1881, 1001, 1800, 971, 1836, 973, 971, 974, 992, 978, 971, 975, 967
11352, 746, 754, 1103, 1051, 749, 1123, 749, 1028, 749, 1028, 796, 792, 792, 740, 797, 813, 791, 805
4750, 372, 367, 489, 484, 389, 497, 387, 586, 386, 674, 369, 369, 368, 358, 369, 369, 367, 385
43525, 1700, 1703, 2515, 2401, 1702, 2539, 1701, 2475, 1709, 2475, 1685, 1684, 1683, 1669, 1696, 1676, 1701, 1700
1129, 120, 159, 132, 138, 155, 134, 151, 223, 150, 245, 120, 125, 119, 124, 123, 122, 123, 118
49076, 1340, 1325, 2207, 2170, 1334, 2270, 1312, 2163, 1313, 2163, 1343, 1337, 1342, 1366, 1342, 1337, 1345, 1336
48415, 1615, 1639, 2501, 2521, 1639, 2485, 1643, 2444, 1650, 2506, 1627, 1594, 1622, 1618, 1626, 1589, 1628, 1584
7863, 578, 592, 635, 690, 592, 642, 596, 988, 592, 996, 589, 589, 590, 587, 587, 579, 588, 591
10167, 724, 729, 1107, 816, 730, 1031, 731, 1011, 731, 991, 720, 721, 720, 724, 722, 723, 722, 722
17723, 1022, 1024, 1415, 1408, 1024, 1392, 1025, 1385, 1031, 1385, 1006, 994, 1006, 1011, 1025, 1048, 1027, 1042
4259, 425, 450, 482, 498, 450, 488, 450, 668, 437, 694, 425, 423, 423, 425, 425, 420, 425, 418
6470, 598, 597, 645, 651, 596, 632, 603, 725, 597, 731, 603, 595, 584, 586, 563, 561, 564, 595
18390, 881, 885, 1375, 1254, 885, 1475, 903, 1260, 901, 1251, 910, 909, 906, 895, 910, 882, 906, 893
6693, 520, 533, 871, 632, 533, 898, 532, 775, 527, 833, 515, 518, 516, 527, 516, 511, 516, 531
2626, 316, 323, 368, 381, 322, 361, 322, 432, 323, 463, 318, 317, 318, 318, 319, 315, 319, 317
28117, 1166, 1167, 1701, 1683, 1167, 1655, 1168, 1671, 1168, 1678, 1155, 1146, 1156, 1155, 1154, 1150, 1154, 1152
1903, 205, 220, 256, 261, 219, 262, 217, 345, 216, 347, 236, 235, 232, 232, 235, 238, 235, 234
6368, 616, 613, 611, 678, 613, 602, 612, 833, 612, 847, 574, 577, 601, 594, 597, 596, 596, 613
6869, 579, 574, 918, 975, 574, 928, 569, 928, 565, 928, 558, 564, 557, 555, 564, 569, 563, 561
7481, 749, 777, 1000, 1008, 775, 997, 752, 1002, 758, 1011, 756, 734, 757, 746, 756, 747, 757, 753
4674, 444, 494, 487, 544, 495, 491, 462, 649, 460, 652, 456, 454, 431, 440, 456, 455, 431, 453
4757, 370, 393, 376, 407, 389, 407, 389, 533, 381, 534, 367, 367, 370, 363, 367, 363, 364, 361
15508, 999, 998, 1028, 1093, 998, 1098, 1003, 1361, 996, 1351, 992, 991, 1017, 1000, 992, 988, 992, 992
46206, 1300, 1307, 2555, 2456, 1307, 2600, 1301, 2473, 1301, 2484, 1290, 1287, 1291, 1298, 1290, 1296, 1290, 1300
10172, 681, 687, 925, 986, 687, 959, 686, 956, 685, 956, 680, 666, 679, 684, 682, 667, 681, 674
5640, 605, 615, 647, 672, 620, 612, 619, 737, 616, 759, 602, 603, 601, 602, 579, 579, 575, 601
10174, 662, 665, 956, 959, 665, 979, 663, 932, 678, 957, 663, 660, 662, 659, 686, 656, 685, 656
9725, 627, 629, 971, 954, 628, 924, 622, 940, 618, 951, 612, 610, 611, 627, 613, 614, 612, 633
4979, 409, 422, 683, 665, 425, 629, 426, 629, 421, 629, 412, 410, 411, 419, 411, 418, 411, 416
7025, 552, 574, 930, 891, 573, 946, 573, 858, 566, 858, 531, 529, 532, 551, 530, 532, 529, 549
10787, 782, 745, 822, 829, 745, 858, 744, 973, 735, 954, 739, 726, 758, 755, 777, 735, 770, 764
2034, 213, 222, 250, 261, 226, 249, 227, 382, 234, 387, 219, 218, 217, 229, 219, 216, 218, 228
6865, 557, 609, 642, 672, 601, 683, 598, 774, 596, 788, 557, 558, 557, 599, 553, 583, 551, 549
4256, 408, 429, 471, 479, 426, 480, 414, 654, 417, 717, 408, 398, 406, 399, 410, 406, 411, 394
7672, 655, 663, 1132, 1093, 664, 1045, 686, 1045, 688, 1045, 689, 651, 687, 654, 691, 651, 690, 649
27011, 1291, 1291, 1788, 1738, 1301, 1747, 1292, 1789, 1286, 1784, 1270, 1242, 1273, 1251, 1269, 1244, 1274, 1273
2291, 273, 303, 283, 310, 287, 288, 253, 362, 264, 362, 253, 261, 254, 267, 255, 256, 255, 241
16973, 961, 970, 1295, 1321, 970, 1241, 970, 1332, 969, 1330, 975, 974, 975, 999, 964, 974, 964, 972
8155, 708, 754, 1169, 1066, 754, 1161, 709, 1066, 743, 1115, 656, 639, 656, 647, 712, 642, 712, 639
6897, 619, 620, 949, 724, 619, 594, 619, 895, 615, 932, 597, 606, 596, 629, 638, 583, 638, 608
7887, 617, 624, 676, 709, 624, 722, 622, 883, 627, 887, 624, 623, 632, 622, 624, 625, 632, 619
8595, 578, 585, 894, 889, 585, 892, 585, 843, 602, 843, 605, 610, 601, 600, 624, 592, 624, 624
60173, 1884, 1888, 3097, 3130, 1882, 3106, 1884, 3095, 1882, 3112, 1896, 1895, 1877, 1877, 1895, 1878, 1878, 1880
32518, 1188, 1179, 1765, 1750, 1188, 1741, 1188, 1744, 1186, 1744, 1185, 1171, 1166, 1183, 1178, 1202, 1177, 1190
44254, 1419, 1403, 2179, 2159, 1408, 2202, 1327, 2168, 1342, 2209, 1440, 1358, 1440, 1376, 1442, 1388, 1442, 1327
3557, 356, 376, 383, 428, 378, 395, 378, 526, 377, 542, 362, 360, 357, 356, 362, 362, 361, 364
20476, 1040, 1046, 1595, 1569, 1040, 1575, 1042, 1581, 1046, 1582, 1057, 1043, 1057, 1040, 1057, 1051, 1057, 1045
51681, 1524, 1527, 2484, 2427, 1526, 2461, 1525, 2459, 1526, 2483, 1510, 1523, 1504, 1525, 1510, 1534, 1510, 1532
46941, 1459, 1550, 2564, 2596, 1550, 2598, 1636, 2640, 1604, 2640, 1545, 1526, 1531, 1500, 1557, 1479, 1560, 1505
5491, 468, 484, 672, 723, 484, 666, 467, 666, 455, 666, 444, 440, 460, 446, 450, 446, 465, 444
30202, 1359, 1353, 2094, 2027, 1375, 2089, 1360, 2025, 1347, 2008, 1345, 1345, 1343, 1340, 1352, 1336, 1348, 1336
27500, 1195, 1183, 1697, 1647, 1181, 1703, 1191, 1722, 1185, 1724, 1209, 1201, 1209, 1194, 1212, 1191, 1212, 1175
2284, 246, 274, 246, 276, 274, 251, 275, 332, 268, 352, 235, 233, 235, 242, 236, 234, 236, 255
6057, 579, 583, 571, 637, 583, 580, 583, 754, 570, 771, 579, 579, 567, 581, 574, 579, 562, 574
8106, 748, 863, 753, 1055, 861, 661, 848, 946, 829, 946, 748, 748, 747, 768, 738, 756, 716, 755
4699, 466, 479, 495, 526, 479, 471, 480, 631, 456, 645, 442, 442, 441, 456, 442, 440, 441, 449
4300, 284, 290, 313, 321, 290, 314, 288, 366, 284, 366, 276, 276, 276, 262, 285, 282, 285, 283
17911, 581, 582, 1150, 1152, 582, 1151, 580, 1152, 573, 1152, 586, 572, 581, 583, 582, 573, 584, 565
56538, 3141, 3296, 4661, 3808, 3245, 3496, 3244, 4511, 3222, 4666, 3190, 3189, 3189, 3176, 3261, 3333, 3263, 3203
8680, 516, 533, 738, 795, 533, 718, 525, 796, 523, 796, 516, 516, 512, 508, 516, 516, 516, 514
7800, 603, 604, 866, 879, 589, 876, 586, 876, 557, 876, 608, 612, 539, 607, 601, 600, 601, 593
26099, 1005, 1031, 1372, 1313, 1031, 1405, 1030, 1334, 1028, 1350, 1012, 1001, 1012, 989, 1012, 1007, 1012, 1006
67636, 1775, 1773, 2665, 2738, 1772, 2700, 1790, 2659, 1878, 2666, 1799, 1837, 1769, 1847, 1800, 1828, 1846, 1887
26018, 677, 671, 1878, 1873, 671, 1815, 671, 1869, 676, 1875, 677, 677, 677, 684, 676, 680, 683, 676
53552, 2389, 2399, 3574, 3504, 2401, 3256, 2397, 3455, 2394, 3782, 2376, 2384, 2374, 2371, 2364, 2380, 2364, 2365
512, 43, 55, 48, 47, 55, 49, 55, 44, 55, 44, 42, 41, 41, 46, 43, 41, 42, 40
549, 58, 72, 66, 65, 71, 62, 70, 91, 71, 91, 58, 58, 57, 60, 58, 58, 58, 59
113, 8, 15, 9, 11, 14, 9, 16, 8, 15, 8, 8, 8, 8, 8, 10, 8, 10, 8
1294, 41, 58, 34, 36, 58, 34, 57, 65, 57, 65, 37, 31, 33, 36, 37, 33, 33, 43
1632, 55, 108, 51, 51, 108, 84, 106, 132, 106, 132, 48, 47, 49, 87, 64, 39, 71, 48
1173, 69, 93, 66, 73, 93, 66, 93, 116, 93, 448, 72, 68, 72, 68, 72, 72, 72, 72
27, 4, 4, 4, 4, 4, 4, 4, 4, 4, 4, 4, 4, 4, 4, 4, 4, 4, 4
467, 18, 25, 16, 17, 25, 16, 25, 23, 25, 23, 19, 19, 19, 19, 19, 19, 19, 19
4788, 539, 543, 1180, 1115, 543, 1180, 543, 1109, 543, 1236, 820, 756, 821, 536, 539, 539, 539, 539
1695, 38, 67, 716, 717, 67, 717, 65, 717, 64, 717, 36, 33, 37, 37, 36, 33, 37, 44
2872, 654, 712, 629, 678, 716, 628, 719, 481, 715, 713, 664, 446, 666, 446, 664, 446, 665, 446
646, 27, 95, 26, 30, 95, 26, 95, 68, 95, 255, 25, 25, 25, 25, 25, 25, 25, 25
1776, 225, 325, 227, 234, 325, 227, 325, 263, 325, 427, 224, 224, 224, 223, 224, 223, 224, 223
943, 40, 57, 31, 33, 57, 31, 53, 52, 52, 52, 35, 30, 35, 31, 35, 35, 35, 35
1099, 41, 64, 33, 34, 64, 33, 58, 58, 57, 58, 40, 39, 40, 33, 40, 37, 40, 37
2974, 58, 106, 939, 940, 113, 939, 113, 964, 112, 1163, 62, 56, 62, 51, 45, 40, 45, 41
269, 26, 45, 27, 29, 44, 27, 44, 69, 44, 89, 28, 27, 28, 26, 27, 27, 27, 26
1630, 61, 95, 44, 38, 95, 80, 93, 136, 91, 136, 34, 34, 36, 71, 55, 31, 65, 43
301, 13, 20, 12, 13, 20, 12, 20, 14, 20, 14, 12, 12, 12, 12, 12, 12, 12, 12
3567, 759, 865, 497, 770, 865, 464, 865, 756, 866, 796, 477, 474, 477, 474, 478, 478, 478, 478
113, 8, 12, 7, 10, 12, 7, 10, 32, 9, 42, 6, 6, 6, 6, 6, 6, 6, 6
82, 6, 9, 6, 7, 9, 6, 8, 7, 8, 7, 7, 7, 8, 7, 7, 7, 8, 7
189, 10, 14, 10, 13, 14, 10, 14, 10, 14, 10, 11, 11, 11, 10, 11, 10, 11, 10
1584, 38, 67, 34, 36, 67, 34, 66, 74, 66, 74, 37, 32, 34, 37, 37, 34, 34, 44
1543, 73, 116, 56, 53, 116, 82, 116, 131, 115, 131, 56, 54, 57, 79, 56, 54, 57, 41
295, 13, 20, 12, 15, 20, 12, 19, 14, 20, 14, 13, 13, 13, 13, 13, 13, 13, 13
3223, 334, 401, 337, 331, 401, 289, 401, 762, 401, 762, 338, 315, 338, 311, 334, 333, 334, 333
1540, 78, 116, 43, 45, 116, 82, 117, 126, 115, 126, 76, 42, 78, 82, 76, 42, 78, 34
1382, 43, 67, 36, 38, 67, 36, 64, 59, 64, 59, 42, 41, 40, 38, 42, 41, 40, 37
503, 19, 29, 19, 21, 29, 19, 29, 21, 29, 21, 19, 19, 19, 20, 19, 19, 19, 20
1498, 26, 88, 30, 32, 88, 30, 88, 153, 88, 345, 40, 29, 40, 29, 40, 34, 40, 34
40, 5, 6, 5, 6, 6, 5, 6, 5, 6, 5, 5, 5, 5, 5, 5, 5, 5, 5
1850, 42, 67, 785, 787, 67, 786, 67, 787, 66, 787, 43, 41, 42, 37, 43, 42, 42, 45
174, 8, 13, 7, 12, 13, 7, 13, 54, 13, 63, 8, 8, 8, 7, 8, 8, 8, 8
142, 10, 13, 8, 12, 13, 8, 13, 10, 13, 10, 9, 9, 9, 9, 9, 9, 9, 9
781, 16, 63, 15, 17, 63, 15, 63, 109, 63, 235, 16, 15, 17, 18, 18, 18, 18, 19
1687, 42, 69, 36, 37, 69, 36, 66, 63, 65, 63, 44, 43, 43, 40, 44, 43, 43, 46
365, 34, 47, 35, 36, 47, 35, 46, 111, 46, 118, 36, 35, 36, 34, 36, 35, 36, 34
5913, 315, 405, 313, 318, 405, 313, 405, 439, 405, 899, 313, 312, 313, 312, 313, 313, 313, 313
3479, 322, 657, 345, 396, 657, 345, 656, 694, 653, 1145, 322, 322, 322, 322, 346, 322, 346, 322
2250, 362, 398, 352, 403, 396, 356, 396, 363, 396, 371, 328, 323, 367, 330, 328, 328, 328, 323
718, 24, 43, 21, 22, 43, 21, 43, 30, 43, 30, 22, 23, 23, 23, 22, 23, 23, 23
1099, 38, 53, 33, 34, 53, 33, 53, 50, 52, 50, 37, 32, 37, 33, 37, 34, 37, 34
150, 8, 12, 10, 13, 12, 10, 12, 40, 12, 54, 8, 8, 8, 7, 7, 7, 7, 7
118, 9, 13, 11, 12, 13, 11, 13, 12, 13, 12, 11, 11, 11, 11, 11, 11, 11, 11
110, 9, 11, 9, 13, 11, 9, 11, 8, 11, 8, 8, 8, 8, 8, 8, 9, 8, 9
37, 4, 4, 5, 7, 4, 5, 4, 4, 4, 4, 5, 5, 5, 4, 4, 4, 4, 4
131, 12, 15, 13, 16, 15, 13, 15, 13, 15, 13, 13, 12, 13, 13, 11, 7, 11, 7
32326, 1056, 1057, 1377, 1593, 1058, 1595, 1065, 1595, 1065, 1595, 998, 1057, 1019, 1131, 998, 998, 998, 998
14334, 262, 326, 268, 291, 326, 287, 271, 287, 269, 287, 274, 274, 274, 261, 255, 234, 255, 234
2677, 168, 183, 190, 229, 183, 197, 182, 197, 182, 197, 194, 194, 197, 177, 194, 194, 194, 197
9177, 104, 123, 96, 106, 123, 104, 120, 104, 119, 104, 105, 105, 104, 104, 100, 100, 100, 100
61820, 2303, 2435, 2465, 2692, 2438, 3099, 2435, 3154, 2434, 3154, 2332, 2291, 2332, 2260, 2386, 2398, 2390, 2392
3681, 129, 133, 114, 130, 133, 129, 129, 129, 129, 129, 116, 129, 116, 129, 114, 101, 114, 101
1984, 122, 124, 115, 139, 124, 122, 122, 122, 122, 122, 101, 122, 122, 122, 101, 88, 101, 88
3626, 240, 245, 248, 308, 239, 257, 238, 257, 239, 257, 253, 251, 256, 238, 253, 253, 253, 222
47080, 1648, 1684, 1976, 1980, 1684, 1917, 1656, 2075, 1655, 2258, 1622, 1648, 1621, 1648, 1624, 1622, 1622, 1632
5023, 159, 194, 178, 221, 194, 188, 175, 188, 173, 188, 157, 157, 157, 161, 159, 144, 159, 144
25760, 711, 699, 1004, 1184, 699, 1185, 704, 1185, 704, 1185, 726, 726, 665, 785, 713, 713, 660, 701
11853, 595, 630, 683, 696, 641, 683, 614, 791, 609, 854, 612, 584, 614, 576, 610, 592, 610, 610
17306, 892, 920, 972, 972, 920, 942, 923, 903, 920, 903, 951, 953, 952, 929, 922, 969, 922, 953
4407, 387, 387, 385, 450, 387, 367, 386, 437, 386, 437, 384, 376, 384, 387, 387, 387, 387, 393
788, 56, 58, 47, 64, 58, 57, 58, 57, 58, 57, 57, 51, 57, 57, 55, 54, 55, 56
15719, 835, 799, 851, 971, 798, 876, 792, 968, 792, 968, 834, 778, 833, 835, 834, 834, 824, 781
53001, 1681, 1667, 2379, 2408, 1675, 2434, 1683, 2438, 1686, 2438, 1688, 1687, 1689, 1684, 1676, 1675, 1681, 1660
1817, 151, 153, 145, 189, 153, 146, 153, 159, 153, 159, 151, 151, 151, 158, 159, 150, 159, 162
6394, 449, 459, 417, 533, 459, 427, 457, 467, 457, 467, 450, 450, 450, 453, 450, 450, 450, 457
16627, 824, 856, 1019, 1018, 856, 836, 846, 1062, 854, 1090, 813, 824, 810, 837, 813, 835, 813, 831
4097, 160, 162, 154, 199, 167, 156, 167, 156, 167, 156, 169, 169, 169, 168, 169, 159, 169, 158
840, 16, 17, 12, 18, 17, 16, 17, 16, 17, 16, 16, 16, 16, 16, 16, 17, 16, 17
1052, 13, 15, 12, 19, 15, 16, 15, 16, 15, 16, 16, 16, 16, 16, 16, 17, 16, 17
7064, 354, 366, 361, 434, 366, 351, 364, 417, 364, 417, 354, 357, 357, 367, 354, 357, 354, 368
1126, 56, 57, 46, 62, 57, 56, 57, 56, 57, 56, 56, 50, 56, 56, 54, 53, 54, 55
197, 8, 18, 8, 13, 17, 62, 17, 62, 19, 62, 7, 7, 7, 7, 7, 7, 7, 7
3232, 284, 321, 274, 286, 321, 381, 321, 383, 356, 383, 264, 271, 263, 270, 267, 274, 265, 265
77, 8, 10, 8, 11, 10, 21, 10, 21, 10, 21, 6, 6, 6, 6, 6, 6, 6, 6
225, 27, 37, 29, 29, 35, 50, 34, 50, 34, 50, 26, 26, 26, 25, 27, 27, 27, 25
1387, 151, 182, 154, 153, 178, 300, 197, 300, 209, 300, 135, 131, 146, 143, 135, 131, 134, 130
596, 30, 56, 24, 31, 56, 161, 56, 160, 66, 160, 27, 21, 26, 25, 29, 26, 29, 24
548, 51, 74, 40, 47, 74, 89, 74, 89, 94, 89, 38, 48, 38, 48, 47, 47, 47, 46
829, 41, 70, 46, 53, 70, 181, 70, 181, 87, 181, 36, 36, 36, 43, 34, 34, 34, 34
543, 64, 69, 69, 68, 69, 119, 69, 117, 69, 117, 64, 58, 64, 68, 64, 64, 64, 64
535, 62, 81, 72, 74, 80, 101, 79, 101, 81, 101, 66, 71, 66, 69, 66, 68, 66, 71
516, 72, 77, 68, 79, 77, 116, 77, 116, 77, 116, 59, 73, 60, 72, 68, 65, 68, 64
178, 17, 18, 16, 19, 18, 17, 18, 17, 17, 17, 13, 13, 13, 13, 13, 13, 13, 13
234, 25, 30, 26, 27, 30, 41, 30, 41, 33, 41, 26, 26, 26, 26, 25, 25, 25, 25
1579, 165, 187, 180, 185, 187, 200, 187, 203, 198, 203, 176, 176, 151, 155, 176, 176, 175, 148
208, 12, 30, 12, 13, 30, 11, 30, 11, 35, 11, 11, 11, 11, 11, 12, 11, 12, 12
1041, 20, 159, 22, 24, 156, 21, 147, 21, 197, 21, 20, 20, 20, 20, 20, 20, 20, 20
30, 5, 5, 4, 6, 5, 4, 5, 4, 5, 4, 4, 4, 4, 4, 4, 4, 4, 4
119, 8, 13, 9, 13, 13, 15, 13, 15, 13, 15, 8, 8, 8, 9, 8, 8, 8, 8
182, 18, 19, 17, 20, 19, 18, 19, 18, 21, 18, 15, 15, 15, 15, 14, 14, 14, 15
340, 10, 56, 12, 15, 53, 11, 51, 11, 62, 11, 10, 10, 10, 10, 10, 10, 10, 10
754, 6, 137, 7, 8, 135, 6, 134, 6, 163, 6, 6, 6, 6, 6, 6, 6, 6, 6
66, 7, 10, 7, 11, 10, 7, 10, 7, 12, 7, 6, 6, 6, 6, 6, 6, 6, 6
3817, 418, 409, 347, 370, 412, 498, 409, 507, 412, 507, 359, 359, 367, 355, 323, 323, 324, 324
471, 37, 46, 35, 38, 46, 100, 46, 100, 50, 100, 37, 36, 37, 36, 37, 37, 37, 37
2914, 219, 224, 231, 237, 224, 383, 242, 392, 251, 392, 210, 226, 210, 225, 210, 226, 210, 226
1450, 131, 136, 137, 136, 157, 221, 157, 221, 157, 221, 129, 129, 129, 127, 129, 129, 129, 131
158, 5, 19, 6, 10, 19, 45, 19, 45, 24, 45, 5, 5, 5, 5, 5, 5, 5, 5
212, 13, 17, 15, 17, 17, 59, 17, 58, 21, 58, 13, 14, 13, 15, 12, 11, 12, 11
42, 4, 8, 5, 5, 8, 4, 8, 4, 8, 4, 4, 4, 4, 4, 4, 4, 4, 4
483, 51, 72, 47, 48, 75, 71, 70, 71, 76, 71, 46, 46, 46, 46, 46, 46, 46, 46
847, 81, 105, 60, 63, 105, 165, 105, 165, 125, 165, 66, 52, 64, 46, 69, 69, 69, 68
634, 63, 100, 48, 51, 86, 71, 76, 71, 83, 71, 42, 42, 42, 42, 41, 41, 41, 41
712, 98, 101, 100, 101, 100, 145, 97, 149, 97, 149, 89, 89, 88, 83, 89, 89, 89, 89
874, 32, 90, 52, 57, 87, 237, 86, 237, 103, 237, 17, 24, 17, 17, 23, 23, 23, 26
24, 5, 5, 4, 5, 5, 4, 5, 4, 5, 4, 4, 4, 4, 4, 4, 4, 4, 4
1768, 76, 241, 89, 91, 239, 473, 240, 473, 289, 473, 80, 76, 80, 79, 80, 80, 80, 80
492, 56, 70, 50, 53, 68, 121, 68, 120, 71, 120, 46, 49, 46, 49, 46, 46, 46, 46
699, 20, 119, 21, 20, 119, 20, 119, 20, 144, 20, 20, 20, 20, 20, 20, 20, 20, 20
788, 29, 39, 23, 28, 39, 237, 39, 237, 46, 237, 30, 29, 30, 26, 30, 29, 30, 29
82, 5, 11, 5, 7, 11, 5, 11, 5, 12, 5, 5, 5, 5, 5, 5, 5, 5, 5
692, 92, 89, 96, 93, 89, 155, 89, 155, 95, 155, 97, 98, 97, 90, 94, 94, 94, 94
179, 24, 27, 26, 28, 24, 36, 24, 36, 24, 36, 24, 24, 24, 24, 23, 24, 23, 24
2512, 258, 272, 245, 272, 272, 578, 272, 577, 278, 577, 249, 249, 249, 253, 248, 249, 248, 252
67, 7, 7, 8, 12, 7, 8, 7, 8, 7, 8, 7, 7, 7, 7, 6, 7, 6, 6
3136, 508, 548, 486, 488, 548, 718, 547, 718, 563, 718, 509, 506, 509, 500, 522, 458, 522, 454
494, 36, 55, 25, 25, 55, 92, 55, 92, 69, 92, 26, 22, 26, 22, 26, 26, 26, 25
195, 7, 24, 7, 11, 24, 7, 24, 7, 32, 7, 6, 6, 6, 6, 6, 6, 6, 6
1310, 61, 66, 62, 63, 70, 377, 69, 377, 71, 377, 57, 57, 53, 53, 57, 57, 53, 53
107, 6, 11, 7, 9, 11, 6, 11, 6, 13, 6, 6, 6, 6, 6, 6, 6, 6, 6
80, 6, 8, 7, 8, 8, 6, 8, 6, 10, 6, 6, 6, 6, 6, 6, 6, 6, 6
188, 29, 32, 31, 31, 32, 52, 32, 52, 37, 52, 29, 29, 29, 29, 29, 29, 29, 29
127, 5, 18, 6, 9, 18, 5, 18, 5, 21, 5, 5, 5, 5, 5, 5, 5, 5, 5
1657, 229, 260, 173, 173, 258, 414, 252, 415, 283, 415, 186, 186, 189, 189, 180, 183, 183, 186
350, 44, 44, 44, 43, 44, 48, 44, 48, 44, 48, 45, 45, 45, 45, 44, 45, 44, 45
421, 26, 28, 26, 30, 28, 94, 27, 94, 30, 94, 25, 25, 25, 25, 25, 25, 25, 25
1050, 28, 49, 27, 41, 49, 333, 49, 333, 57, 333, 30, 22, 30, 26, 30, 30, 30, 30
1749, 155, 281, 145, 146, 281, 144, 280, 144, 348, 144, 140, 115, 140, 144, 140, 148, 140, 148
317, 31, 63, 32, 33, 63, 92, 62, 92, 66, 92, 31, 31, 31, 31, 31, 31, 31, 31
66, 4, 10, 5, 5, 10, 4, 10, 4, 13, 4, 4, 4, 4, 4, 4, 4, 4, 4
1800, 45, 124, 38, 48, 124, 410, 124, 410, 143, 410, 38, 36, 38, 36, 39, 36, 39, 36
166, 5, 30, 5, 7, 30, 5, 30, 5, 36, 5, 5, 5, 5, 5, 5, 5, 5, 5
877, 40, 54, 30, 36, 53, 270, 53, 270, 64, 270, 33, 38, 33, 29, 35, 39, 35, 31
76, 10, 11, 10, 12, 11, 17, 11, 17, 11, 17, 8, 8, 8, 8, 8, 8, 8, 10
30, 4, 6, 5, 5, 6, 4, 6, 4, 6, 4, 4, 4, 4, 4, 4, 4, 4, 4
1423, 180, 182, 174, 182, 182, 222, 182, 220, 183, 220, 175, 170, 175, 175, 175, 143, 175, 145
173, 10, 21, 10, 14, 20, 44, 19, 44, 21, 44, 9, 9, 9, 8, 9, 9, 9, 9
306, 48, 56, 44, 44, 56, 67, 56, 65, 63, 65, 47, 46, 47, 46, 47, 43, 47, 43
40, 4, 8, 5, 5, 8, 4, 8, 4, 10, 4, 3, 3, 3, 3, 3, 3, 3, 3
124, 10, 12, 10, 12, 12, 23, 12, 23, 13, 23, 10, 10, 10, 10, 9, 9, 9, 10
1047, 26, 44, 23, 34, 44, 335, 44, 335, 51, 335, 22, 22, 22, 22, 25, 25, 25, 25
136, 5, 24, 5, 6, 24, 4, 24, 4, 30, 4, 4, 4, 4, 4, 4, 4, 4, 4
269, 13, 18, 12, 21, 18, 59, 18, 59, 21, 59, 12, 8, 12, 12, 12, 8, 12, 8
132, 5, 17, 6, 11, 17, 29, 17, 29, 17, 29, 5, 5, 5, 5, 5, 5, 5, 5
36, 4, 6, 5, 5, 6, 4, 6, 4, 6, 4, 4, 4, 4, 4, 4, 4, 4, 4
440, 26, 39, 31, 32, 43, 128, 43, 128, 44, 128, 23, 23, 23, 22, 29, 23, 29, 23
512, 66, 84, 67, 66, 80, 140, 76, 140, 76, 140, 40, 40, 40, 40, 40, 40, 40, 65
253, 9, 19, 10, 13, 17, 35, 16, 35, 24, 35, 10, 10, 10, 10, 10, 10, 10, 10
1585, 156, 200, 133, 148, 200, 437, 200, 437, 218, 437, 163, 141, 150, 146, 163, 162, 165, 157
117, 8, 13, 8, 10, 13, 34, 13, 34, 14, 34, 8, 8, 8, 8, 8, 8, 8, 8
245, 7, 41, 7, 10, 41, 15, 41, 15, 52, 15, 7, 6, 7, 7, 8, 7, 8, 7
448, 25, 45, 24, 26, 41, 135, 41, 135, 45, 135, 22, 22, 22, 23, 22, 22, 22, 22
355, 29, 46, 28, 29, 46, 98, 46, 98, 48, 98, 20, 20, 20, 23, 20, 23, 20, 23
478, 55, 70, 58, 60, 64, 113, 60, 113, 67, 113, 52, 54, 54, 57, 52, 54, 52, 54
417, 41, 37, 45, 52, 37, 43, 40, 58, 40, 58, 40, 41, 37, 34, 40, 41, 40, 41
23, 3, 7, 3, 4, 7, 8, 7, 8, 7, 8, 3, 3, 3, 3, 3, 3, 3, 3
2733, 104, 99, 135, 145, 99, 132, 99, 300, 100, 300, 100, 94, 101, 105, 107, 98, 110, 97
205, 20, 22, 28, 33, 22, 30, 22, 27, 22, 27, 20, 20, 25, 26, 20, 20, 20, 22
83488, 3859, 3823, 5376, 5406, 3846, 5004, 3804, 5433, 3806, 5446, 3778, 3788, 3772, 3741, 3763, 3736, 3763, 3723
84647, 2464, 2444, 4499, 4547, 2444, 3974, 2440, 4512, 2469, 4588, 2420, 2420, 2418, 2414, 2508, 2427, 2503, 2434
38, 6, 6, 9, 9, 6, 9, 6, 9, 8, 9, 6, 6, 6, 8, 6, 6, 6, 6
38, 6, 8, 9, 9, 8, 9, 8, 9, 9, 9, 6, 6, 6, 8, 6, 6, 6, 6
38, 6, 10, 9, 9, 10, 9, 9, 9, 10, 9, 6, 6, 6, 8, 6, 6, 6, 6
38, 6, 6, 9, 9, 6, 9, 6, 9, 8, 9, 6, 6, 6, 8, 6, 6, 6, 6
38, 6, 9, 9, 9, 9, 9, 9, 9, 9, 9, 6, 6, 6, 8, 6, 6, 6, 6
38, 6, 9, 9, 10, 9, 9, 9, 9, 9, 9, 6, 6, 6, 8, 6, 6, 6, 6
38, 6, 8, 9, 9, 8, 9, 8, 9, 8, 9, 6, 6, 6, 8, 6, 6, 6, 6
38, 6, 8, 9, 9, 8, 9, 8, 9, 9, 9, 6, 6, 6, 8, 6, 6, 6, 6
38, 6, 9, 9, 10, 9, 9, 9, 9, 9, 9, 6, 6, 6, 8, 6, 6, 6, 6
38, 6, 6, 9, 10, 6, 9, 6, 9, 8, 9, 6, 6, 6, 8, 6, 6, 6, 6
38, 6, 6, 9, 10, 6, 9, 6, 9, 8, 9, 6, 6, 6, 8, 6, 6, 6, 6
38, 6, 9, 9, 10, 9, 9, 9, 9, 9, 9, 6, 6, 6, 8, 6, 6, 6, 6
38, 6, 8, 9, 10, 8, 9, 8, 9, 9, 9, 6, 6, 6, 8, 6, 6, 6, 6
38, 6, 6, 9, 9, 6, 9, 6, 9, 8, 9, 6, 6, 6, 8, 6, 6, 6, 6
38, 6, 8, 9, 9, 8, 9, 7, 9, 9, 9, 6, 6, 6, 8, 6, 6, 6, 6
38, 6, 10, 9, 9, 10, 9, 9, 9, 9, 9, 6, 6, 6, 8, 6, 6, 6, 6
38, 6, 6, 9, 9, 6, 9, 6, 9, 8, 9, 6, 6, 6, 8, 6, 6, 6, 6
38, 6, 8, 9, 10, 8, 9, 8, 9, 8, 9, 6, 6, 6, 8, 6, 6, 6, 6
38, 6, 6, 9, 9, 6, 9, 6, 9, 8, 9, 6, 6, 6, 8, 6, 6, 6, 6
38, 6, 8, 9, 9, 8, 9, 8, 9, 9, 9, 6, 6, 6, 8, 6, 6, 6, 6
38, 6, 6, 9, 9, 6, 9, 6, 9, 8, 9, 6, 6, 6, 8, 6, 6, 6, 6
38, 6, 9, 9, 9, 9, 9, 9, 9, 9, 9, 6, 6, 6, 8, 6, 6, 6, 6
38, 6, 9, 9, 9, 9, 9, 9, 9, 9, 9, 6, 6, 6, 8, 6, 6, 6, 6
38, 6, 9, 9, 10, 9, 9, 9, 9, 9, 9, 6, 6, 6, 8, 6, 6, 6, 6
38, 6, 7, 9, 10, 7, 9, 6, 9, 8, 9, 6, 6, 6, 8, 6, 6, 6, 6
38, 6, 6, 9, 10, 6, 9, 6, 9, 8, 9, 6, 6, 6, 8, 6, 6, 6, 6
38, 6, 10, 9, 9, 10, 9, 9, 9, 9, 9, 6, 6, 6, 8, 6, 6, 6, 6
38, 6, 6, 9, 10, 6, 9, 6, 9, 8, 9, 6, 6, 6, 8, 6, 6, 6, 6
38, 6, 7, 9, 10, 7, 9, 7, 9, 9, 9, 6, 6, 6, 8, 6, 6, 6, 6
38, 6, 9, 9, 10, 9, 9, 9, 9, 9, 9, 6, 6, 6, 8, 6, 6, 6, 6
38, 6, 6, 9, 9, 6, 9, 6, 9, 8, 9, 6, 6, 6, 8, 6, 6, 6, 6
38, 6, 8, 9, 10, 8, 9, 8, 9, 8, 9, 6, 6, 6, 8, 6, 6, 6, 6
38, 6, 8, 9, 9, 8, 9, 8, 9, 8, 9, 6, 6, 6, 8, 6, 6, 6, 6
38, 6, 8, 9, 9, 8, 9, 8, 9, 8, 9, 6, 6, 6, 8, 6, 6, 6, 6
38, 6, 6, 9, 10, 6, 9, 6, 9, 8, 9, 6, 6, 6, 8, 6, 6, 6, 6
38, 6, 8, 9, 10, 8, 9, 8, 9, 8, 9, 6, 6, 6, 8, 6, 6, 6, 6
8827, 848, 951, 817, 970, 948, 728, 922, 984, 901, 984, 872, 874, 736, 737, 854, 874, 854, 850
120075, 4858, 4976, 7113, 7240, 4904, 7128, 4860, 7225, 4879, 7225, 4701, 4618, 4704, 4594, 4734, 4988, 4737, 4648
15905, 1414, 1684, 2104, 2129, 1733, 2024, 1726, 2093, 1718, 2167, 1414, 1426, 1416, 1638, 1424, 1426, 1426, 1418
11304, 1006, 999, 1227, 1250, 986, 1190, 987, 1340, 984, 1385, 985, 976, 977, 1009, 985, 978, 983, 970
2952, 293, 333, 313, 367, 332, 320, 332, 319, 323, 319, 300, 305, 309, 320, 296, 293, 291, 302
923, 87, 89, 72, 93, 89, 87, 89, 87, 89, 87, 87, 87, 87, 87, 87, 78, 87, 86
611, 3, 4, 4, 3, 4, 4, 4, 4, 4, 4, 3, 3, 4, 4, 3, 3, 3, 3
597, 3, 3, 3, 3, 3, 3, 3, 3, 3, 3, 3, 3, 3, 3, 3, 3, 3, 3
961, 2, 2, 2, 2, 2, 2, 2, 2, 2, 2, 2, 2, 2, 2, 2, 2, 2, 2
610, 2, 2, 2, 2, 2, 2, 2, 2, 2, 2, 2, 2, 2, 2, 2, 2, 2, 2
597, 3, 3, 4, 3, 3, 4, 3, 4, 3, 4, 3, 3, 4, 4, 3, 3, 3, 3
571, 3, 3, 3, 3, 3, 3, 3, 3, 3, 3, 3, 3, 3, 3, 3, 3, 3, 3
971, 2, 2, 2, 2, 2, 2, 2, 2, 2, 2, 2, 2, 2, 2, 2, 2, 2, 2
903, 2, 2, 2, 2, 2, 2, 2, 2, 2, 2, 2, 2, 2, 2, 2, 2, 2, 2
978, 2, 2, 2, 2, 2, 2, 2, 2, 2, 2, 2, 2, 2, 2, 2, 2, 2, 2
605, 3, 4, 4, 4, 4, 4, 4, 4, 4, 4, 3, 3, 4, 4, 3, 3, 3, 3
968, 2, 2, 2, 2, 2, 2, 2, 2, 2, 2, 2, 2, 2, 2, 2, 2, 2, 2
569, 3, 3, 3, 3, 3, 3, 3, 3, 3, 3, 3, 3, 3, 3, 3, 3, 3, 3
966, 2, 2, 2, 2, 2, 2, 2, 2, 2, 2, 2, 2, 2, 2, 2, 2, 2, 2
577, 3, 3, 4, 3, 3, 4, 3, 4, 3, 4, 3, 3, 4, 4, 3, 3, 3, 3
935, 2, 2, 2, 2, 2, 2, 2, 2, 2, 2, 2, 2, 2, 2, 2, 2, 2, 2
914, 2, 2, 2, 2, 2, 2, 2, 2, 2, 2, 2, 2, 2, 2, 2, 2, 2, 2
610, 2, 2, 2, 2, 2, 2, 2, 2, 2, 2, 2, 2, 2, 2, 2, 2, 2, 2
591, 3, 4, 4, 3, 4, 4, 4, 4, 4, 4, 3, 3, 4, 4, 3, 3, 3, 3
965, 2, 2, 2, 2, 2, 2, 2, 2, 2, 2, 2, 2, 2, 2, 2, 2, 2, 2
16146, 823, 813, 1395, 1409, 814, 1411, 799, 1372, 775, 1389, 794, 830, 792, 778, 789, 766, 793, 802
11542, 808, 811, 1264, 1129, 813, 1193, 823, 1192, 797, 1220, 850, 830, 853, 701, 858, 834, 855, 815
1881, 93, 128, 146, 234, 128, 271, 129, 290, 165, 290, 118, 114, 115, 89, 129, 122, 126, 118
12357, 691, 679, 1395, 1070, 678, 1095, 666, 1664, 913, 1664, 816, 830, 829, 894, 818, 825, 823, 828
13934, 917, 1108, 1737, 1686, 1107, 1773, 1085, 1584, 1084, 1662, 914, 892, 895, 944, 901, 866, 879, 913
2880, 155, 167, 219, 309, 170, 348, 170, 421, 177, 421, 150, 150, 150, 157, 169, 168, 169, 137
18935, 654, 666, 2096, 1978, 660, 1964, 659, 1820, 658, 1960, 604, 622, 585, 590, 626, 612, 624, 620
14185, 255, 227, 1378, 1357, 312, 1384, 282, 1383, 238, 1393, 280, 278, 274, 274, 281, 279, 279, 278
2761, 154, 152, 199, 256, 152, 322, 151, 352, 149, 352, 168, 167, 168, 163, 175, 162, 175, 145
6197, 304, 329, 822, 705, 331, 701, 327, 764, 333, 903, 285, 289, 351, 274, 282, 278, 369, 345
29273, 1523, 1814, 2629, 2613, 1789, 2629, 1712, 2628, 1707, 2632, 1415, 1406, 1343, 1420, 1371, 1304, 1309, 1332
6758, 237, 259, 832, 935, 261, 816, 250, 748, 312, 742, 336, 331, 330, 283, 234, 313, 236, 295
7337, 433, 471, 515, 650, 475, 678, 437, 1150, 437, 1150, 355, 358, 380, 356, 381, 365, 377, 383
21494, 1239, 1306, 2167, 2036, 1249, 2064, 1239, 1926, 1341, 2090, 1204, 1334, 1203, 1293, 1194, 1249, 1193, 1264
8408, 344, 399, 1160, 1178, 399, 1161, 388, 1113, 387, 1264, 325, 322, 322, 361, 350, 356, 361, 287
10674, 364, 492, 1393, 1313, 492, 1394, 509, 1261, 508, 1300, 471, 468, 462, 356, 332, 443, 331, 460
8897, 793, 868, 1219, 1200, 867, 1256, 781, 1160, 787, 1321, 726, 720, 627, 701, 728, 713, 597, 688
14383, 713, 695, 1822, 1551, 694, 1552, 880, 1738, 882, 1827, 726, 814, 730, 973, 723, 975, 728, 812
12622, 840, 845, 1740, 1620, 843, 1657, 838, 1395, 833, 1673, 847, 838, 847, 848, 865, 784, 869, 842
27080, 1527, 1609, 2590, 2613, 1606, 2592, 1596, 2514, 1632, 2533, 1516, 1553, 1545, 1599, 1589, 1616, 1630, 1528
15376, 817, 837, 1929, 1808, 830, 1846, 800, 1729, 862, 1816, 840, 828, 841, 819, 855, 821, 856, 819
16368, 1203, 1217, 1424, 1522, 1216, 1501, 1255, 1915, 1328, 1915, 1304, 1195, 1304, 1284, 1247, 1222, 1248, 1195
18660, 1346, 1325, 2740, 2439, 1324, 2752, 1308, 2751, 1326, 2751, 1335, 1367, 1333, 1362, 1284, 1334, 1276, 1261
29231, 1372, 1365, 2747, 2735, 1363, 2741, 1360, 2699, 1358, 2741, 1434, 1462, 1432, 1346, 1428, 1452, 1428, 1423
3009, 256, 346, 684, 626, 322, 684, 299, 684, 299, 684, 263, 261, 241, 261, 262, 256, 261, 248
3500, 269, 282, 303, 297, 278, 383, 307, 420, 313, 420, 243, 244, 166, 164, 267, 224, 246, 226
2574, 193, 260, 193, 273, 263, 381, 269, 406, 282, 406, 139, 137, 141, 135, 148, 130, 148, 126
3995, 374, 421, 329, 346, 379, 393, 398, 529, 399, 529, 380, 370, 375, 270, 387, 342, 384, 266
6788, 309, 327, 569, 459, 332, 508, 323, 520, 328, 531, 315, 314, 318, 291, 315, 313, 314, 319
2952, 302, 335, 344, 356, 336, 416, 327, 434, 330, 434, 222, 231, 214, 211, 245, 240, 239, 289
2528, 226, 296, 269, 309, 301, 393, 280, 528, 281, 528, 260, 261, 254, 133, 265, 246, 267, 212
15827, 1097, 1164, 1679, 1731, 1167, 1673, 1103, 1674, 1097, 1676, 1055, 1058, 1056, 1068, 1061, 1048, 1062, 1051
9818, 648, 664, 1101, 1344, 664, 1061, 651, 1061, 642, 1062, 581, 579, 575, 541, 607, 631, 612, 607
13886, 947, 962, 1363, 1317, 935, 1379, 954, 1426, 915, 1279, 920, 887, 921, 905, 924, 907, 923, 897
6763, 529, 578, 526, 548, 609, 576, 598, 701, 584, 722, 534, 537, 532, 542, 538, 535, 533, 530
5413, 453, 477, 703, 638, 472, 705, 474, 681, 471, 683, 476, 475, 473, 441, 476, 446, 477, 431
1352, 117, 111, 132, 154, 111, 182, 107, 185, 107, 185, 108, 130, 108, 95, 101, 93, 101, 82
2099, 177, 215, 260, 286, 215, 302, 209, 342, 224, 342, 172, 161, 173, 185, 180, 178, 179, 188
872, 95, 126, 113, 116, 125, 156, 117, 181, 118, 181, 86, 74, 85, 83, 73, 71, 73, 71
824, 43, 48, 122, 111, 47, 160, 46, 167, 46, 167, 48, 48, 44, 38, 48, 48, 48, 43
1030, 49, 72, 120, 114, 72, 170, 72, 179, 72, 179, 49, 49, 44, 60, 49, 48, 48, 44
5682, 426, 416, 711, 797, 429, 654, 425, 654, 398, 654, 435, 399, 409, 389, 435, 399, 429, 426
425, 35, 53, 64, 60, 53, 88, 54, 85, 56, 85, 36, 39, 35, 34, 37, 38, 37, 31
17433, 986, 1022, 1425, 1456, 1019, 1431, 1019, 1512, 1010, 1312, 972, 975, 989, 972, 972, 987, 990, 978
8449, 667, 748, 1041, 1008, 742, 1123, 740, 994, 743, 866, 660, 657, 682, 683, 658, 648, 685, 664
9614, 510, 536, 638, 690, 537, 652, 530, 908, 528, 958, 494, 492, 493, 528, 496, 492, 497, 498
